/*
 Navicat Premium Data Transfer

 Source Server         : localhost
 Source Server Type    : MySQL
 Source Server Version : 80032
 Source Host           : localhost:3306
 Source Schema         : zhijian

 Target Server Type    : MySQL
 Target Server Version : 80032
 File Encoding         : 65001

 Date: 02/01/2024 19:17:14
*/

SET NAMES utf8mb4;
SET FOREIGN_KEY_CHECKS = 0;

-- ----------------------------
-- Table structure for s_tao_order
-- ----------------------------
DROP TABLE IF EXISTS `s_tao_order`;
CREATE TABLE `s_tao_order`  (
  `id` bigint(0) NOT NULL COMMENT '订单id（天猫订单id）',
  `buyerName` varchar(30) CHARACTER SET utf8mb3 COLLATE utf8mb3_general_ci NOT NULL DEFAULT '' COMMENT '买家昵称',
  `totalAmount` decimal(10, 2) NOT NULL COMMENT '应付款总金额，totalAmount = ∑itemAmount + shippingFee，单位为元',
  `shippingFee` decimal(5, 2) NOT NULL DEFAULT 0.00 COMMENT '运费',
  `discountAmount` decimal(10, 2) NOT NULL DEFAULT 0.00 COMMENT '优惠金额',
  `payAmount` decimal(10, 2) NOT NULL DEFAULT 0.00 COMMENT '实际支付金额',
  `discountRemark` varchar(255) CHARACTER SET utf8mb3 COLLATE utf8mb3_general_ci DEFAULT NULL COMMENT '优惠描述',
  `createTime` datetime(0) NOT NULL COMMENT '创建时间',
  `modifyTime` datetime(0) DEFAULT NULL COMMENT '修改时间',
  `payTime` datetime(0) DEFAULT NULL COMMENT '付款时间，如果有多次付款，这里返回的是首次付款时间',
  `confirmedTime` datetime(0) DEFAULT NULL COMMENT '确认时间',
  `deliveredTime` datetime(0) DEFAULT NULL COMMENT '发货时间',
  `completeTime` datetime(0) DEFAULT NULL COMMENT '完成时间',
  `sellerMemo` varchar(100) CHARACTER SET utf8mb3 COLLATE utf8mb3_general_ci DEFAULT NULL COMMENT '卖家备忘信息',
  `buyerFeedback` varchar(500) CHARACTER SET utf8mb3 COLLATE utf8mb3_general_ci DEFAULT NULL COMMENT '买家留言，不超过500字',
  `closeReason` varchar(50) CHARACTER SET utf8mb3 COLLATE utf8mb3_general_ci DEFAULT '' COMMENT '关闭原因。buyerCancel:买家取消订单，sellerGoodsLack:卖家库存不足，other:其它',
  `receivingTime` datetime(0) DEFAULT NULL COMMENT '收货时间，这里返回的是完全收货时间',
  `statusStr` varchar(50) CHARACTER SET utf8mb3 COLLATE utf8mb3_general_ci DEFAULT '' COMMENT '订单状态',
  `status` int(0) NOT NULL DEFAULT 0 COMMENT '交易状态，waitbuyerpay:等待买家付款;waitsellersend:等待卖家发货;waitlogisticstakein:等待物流公司揽件;waitbuyerreceive:等待买家收货;waitbuyersign:等待买家签收;signinsuccess:买家已签收;confirm_goods:已收货;success:交易成功;cancel:交易取消;terminated:交易终止;未枚举:其他状态',
  `logisticsCompany` varchar(20) CHARACTER SET utf8mb3 COLLATE utf8mb3_general_ci DEFAULT NULL COMMENT '快递公司',
  `logisticsCompanyCode` varchar(20) CHARACTER SET utf8mb3 COLLATE utf8mb3_general_ci DEFAULT NULL COMMENT '快递公司编码',
  `logisticsCode` varchar(30) CHARACTER SET utf8mb3 COLLATE utf8mb3_general_ci DEFAULT NULL COMMENT '快递单号',
  `refundId` varchar(45) CHARACTER SET utf8mb3 COLLATE utf8mb3_general_ci DEFAULT NULL COMMENT '退款单ID',
  `refundAmount` decimal(10, 2) DEFAULT NULL COMMENT '退款金额，单位为元',
  `refundStatus` varchar(20) CHARACTER SET utf8mb3 COLLATE utf8mb3_general_ci DEFAULT NULL COMMENT '订单的售中退款状态，等待卖家同意：waitselleragree ，待买家修改：waitbuyermodify，等待买家退货：waitbuyersend，等待卖家确认收货：waitsellerreceive，退款成功：refundsuccess，退款失败：refundclose',
  `auditStatus` int(0) NOT NULL COMMENT '订单审核状态（0待审核1已审核）',
  `orderSource` int(0) DEFAULT 1 COMMENT '订单来源0天猫1淘宝',
  `createOn` bigint(0) NOT NULL DEFAULT 0 COMMENT '创建时间',
  `send_status` int(0) DEFAULT 0 COMMENT '发货状态（0待出库1拣货中2已拣货3已出库4已发货）',
  `shopId` int(0) NOT NULL DEFAULT 0 COMMENT '店铺id',
  `send_time` bigint(0) NOT NULL DEFAULT 0 COMMENT '发货时间（仓库真实发货时间）',
  `developerId` int(0) DEFAULT 0,
  `clientUserId` int(0) DEFAULT 0,
  `clientName` varchar(50) CHARACTER SET utf8mb3 COLLATE utf8mb3_general_ci DEFAULT NULL,
  `tag` varchar(20) CHARACTER SET utf8mb3 COLLATE utf8mb3_general_ci DEFAULT NULL COMMENT '标签(1：实售2：淘宝客3：刷单4：返现)',
  `remark` varchar(2000) CHARACTER SET utf8mb3 COLLATE utf8mb3_general_ci DEFAULT NULL COMMENT '备注',
  `is_comment` tinyint(1) DEFAULT 0,
  `is_merge` tinyint(1) DEFAULT 0 COMMENT '是否合并发货(0:否1:是)',
  PRIMARY KEY (`id`) USING BTREE
) ENGINE = InnoDB CHARACTER SET = utf8mb4 COLLATE = utf8mb4_general_ci ROW_FORMAT = Dynamic;

-- ----------------------------
-- Records of s_tao_order
-- ----------------------------
INSERT INTO `s_tao_order` VALUES (1631273557325601885, '', 28.90, 0.00, 0.00, 28.90, '', '2022-07-31 18:14:00', '2022-07-31 18:14:00', '2022-07-31 18:14:00', NULL, NULL, NULL, '', NULL, '', NULL, '等待买家确认收货', 3, '韵达速递', NULL, '432700565699461', NULL, NULL, NULL, 0, 0, 1659262439, 0, 6, 1659268548, 0, 0, NULL, NULL, NULL, NULL, 0);
INSERT INTO `s_tao_order` VALUES (1634650644223535380, '', 39.52, 0.00, 0.00, 39.52, '', '2022-08-05 18:54:56', '2022-08-05 18:54:56', '2022-08-05 18:54:56', NULL, NULL, NULL, '', NULL, '', NULL, '等待买家确认收货', 3, '韵达速递', NULL, '432709738409379', NULL, NULL, NULL, 0, 0, 1659696896, 0, 6, 1659700376, 0, 0, NULL, NULL, NULL, NULL, 0);
INSERT INTO `s_tao_order` VALUES (1635222253871665598, '', 29.92, 0.00, 0.00, 29.92, '', '2022-08-05 18:48:51', '2022-08-05 18:48:51', '2022-08-05 18:48:51', NULL, NULL, NULL, '', NULL, '', NULL, '等待买家确认收货', 3, '韵达速递', NULL, '432709738409767', NULL, NULL, NULL, 0, 0, 1659696531, 0, 6, 1659700152, 0, 0, NULL, NULL, NULL, NULL, 0);
INSERT INTO `s_tao_order` VALUES (1635963673656309898, '', 39.52, 0.00, 0.00, 39.52, '', '2022-08-06 18:26:01', '2022-08-06 18:26:01', '2022-08-06 18:26:01', NULL, NULL, NULL, '', NULL, '', NULL, '等待买家确认收货', 3, '韵达速递', NULL, '432711322752762', NULL, NULL, NULL, 0, 0, 1659781561, 0, 6, 1660043950, 0, 0, NULL, NULL, NULL, NULL, 0);
INSERT INTO `s_tao_order` VALUES (1638101679063535380, '', 39.52, 0.00, 0.00, 39.52, '', '2022-08-09 19:34:24', '2022-08-09 19:34:24', '2022-08-09 19:34:24', NULL, NULL, NULL, '', NULL, '', NULL, '等待买家确认收货', 3, '韵达速递', NULL, '432716874752516', NULL, NULL, NULL, 0, 0, 1660044864, 0, 6, 1660056355, 0, 0, NULL, NULL, NULL, NULL, 0);
INSERT INTO `s_tao_order` VALUES (1638388920088435398, '', 29.92, 0.00, 0.00, 29.92, '', '2022-08-10 17:17:21', '2022-08-10 17:17:21', '2022-08-10 17:17:21', NULL, NULL, NULL, '', NULL, '', NULL, '等待买家确认收货', 3, '韵达速递', NULL, '432718792062072', NULL, NULL, NULL, 0, 0, 1660123041, 0, 6, 1660132057, 0, 0, NULL, NULL, NULL, NULL, 0);
INSERT INTO `s_tao_order` VALUES (1639000560200588828, '', 29.92, 0.00, 0.00, 29.92, '', '2022-08-11 18:26:09', '2022-08-11 18:26:09', '2022-08-11 18:26:09', NULL, NULL, NULL, '', NULL, '', NULL, '等待买家确认收货', 3, '韵达速递', NULL, '432720544409446', NULL, NULL, NULL, 0, 0, 1660213569, 0, 6, 1660305015, 0, 0, NULL, NULL, NULL, NULL, 0);
INSERT INTO `s_tao_order` VALUES (1639678765959282960, '', 29.92, 0.00, 0.00, 29.92, '', '2022-08-11 18:24:58', '2022-08-11 18:24:58', '2022-08-11 18:24:58', NULL, NULL, NULL, '', NULL, '', NULL, '等待买家确认收货', 3, '中通快递', NULL, '78605337159555', NULL, NULL, NULL, 0, 0, 1660213498, 0, 6, 1660305028, 0, 0, NULL, NULL, NULL, NULL, 0);
INSERT INTO `s_tao_order` VALUES (1640039089142149277, '', 29.92, 0.00, 0.00, 29.92, '', '2022-08-11 18:27:07', '2022-08-11 18:27:07', '2022-08-11 18:27:07', NULL, NULL, NULL, '', NULL, '', NULL, '等待买家确认收货', 3, '韵达速递', NULL, '432720552181285', NULL, NULL, NULL, 0, 0, 1660213627, 0, 6, 1660305002, 0, 0, NULL, NULL, NULL, NULL, 0);
INSERT INTO `s_tao_order` VALUES (1640069402434910729, '', 29.92, 0.00, 0.00, 29.92, '', '2022-08-11 18:28:22', '2022-08-11 18:28:22', '2022-08-11 18:28:22', NULL, NULL, NULL, '', NULL, '', NULL, '等待买家确认收货', 3, '韵达速递', NULL, '432720547617821', NULL, NULL, NULL, 0, 0, 1660213702, 0, 6, 1660304986, 0, 0, NULL, NULL, NULL, NULL, 0);
INSERT INTO `s_tao_order` VALUES (1641540792944799598, '', 29.92, 0.00, 0.00, 29.92, '', '2022-08-13 19:06:15', '2022-08-13 19:06:15', '2022-08-13 19:06:15', NULL, NULL, NULL, '', NULL, '', NULL, '等待买家确认收货', 3, '韵达速递', NULL, '432723807527213', NULL, NULL, NULL, 0, 0, 1660388775, 0, 6, 1660397052, 0, 0, NULL, NULL, NULL, NULL, 0);
INSERT INTO `s_tao_order` VALUES (1642459225787395472, '', 29.92, 0.00, 0.00, 29.92, '', '2022-08-13 19:08:09', '2022-08-13 19:08:09', '2022-08-13 19:08:09', NULL, NULL, NULL, '', NULL, '', NULL, '等待买家确认收货', 3, '韵达速递', NULL, '432723807527023', NULL, NULL, NULL, 0, 0, 1660388889, 0, 6, 1660397029, 0, 0, NULL, NULL, NULL, NULL, 0);
INSERT INTO `s_tao_order` VALUES (1642473483353670599, '', 29.92, 0.00, 0.00, 29.92, '', '2022-08-13 19:09:13', '2022-08-13 19:09:13', '2022-08-13 19:09:13', NULL, NULL, NULL, '', NULL, '', NULL, '等待买家确认收货', 3, '韵达速递', NULL, '432723807526979', NULL, NULL, NULL, 0, 0, 1660388953, 0, 6, 1660397013, 0, 0, NULL, NULL, NULL, NULL, 0);
INSERT INTO `s_tao_order` VALUES (1645143458981500079, '', 29.92, 0.00, 0.00, 29.92, '', '2022-08-16 19:17:01', '2022-08-16 19:17:01', '2022-08-16 19:17:01', NULL, NULL, NULL, '', NULL, '', NULL, '等待买家确认收货', 3, '韵达速递', NULL, '432728674221907', NULL, NULL, NULL, 0, 0, 1660648621, 0, 6, 1660650588, 0, 0, NULL, NULL, NULL, NULL, 0);
INSERT INTO `s_tao_order` VALUES (1645147956136238382, '', 29.92, 0.00, 0.00, 29.92, '', '2022-08-17 18:18:37', '2022-08-17 18:18:37', '2022-08-17 18:18:37', NULL, NULL, NULL, '', NULL, '', NULL, '等待买家确认收货', 3, '韵达速递', NULL, '432730372496826', NULL, NULL, NULL, 0, 0, 1660731517, 0, 6, 1660737101, 0, 0, NULL, NULL, NULL, NULL, 0);
INSERT INTO `s_tao_order` VALUES (1646030496778058766, '', 29.92, 0.00, 0.00, 29.92, '', '2022-08-18 19:19:41', '2022-08-18 19:19:41', '2022-08-18 19:19:41', NULL, NULL, NULL, '', NULL, '', NULL, '等待买家确认收货', 3, '韵达速递', NULL, '432732189595068', NULL, NULL, NULL, 0, 0, 1660821581, 0, 6, 1660823172, 0, 0, NULL, NULL, NULL, NULL, 0);
INSERT INTO `s_tao_order` VALUES (1646522582072053096, '', 29.92, 0.00, 0.00, 29.92, '', '2022-08-17 19:01:05', '2022-08-17 19:01:05', '2022-08-17 19:01:05', NULL, NULL, NULL, '', NULL, '', NULL, '等待买家确认收货', 3, '韵达速递', NULL, '432730372496544', NULL, NULL, NULL, 0, 0, 1660734065, 0, 6, 1660737008, 0, 0, NULL, NULL, NULL, NULL, 0);
INSERT INTO `s_tao_order` VALUES (1647209246565575386, '', 29.92, 0.00, 0.00, 29.92, '', '2022-08-18 19:23:04', '2022-08-18 19:23:04', '2022-08-18 19:23:04', NULL, NULL, NULL, '', NULL, '', NULL, '等待买家确认收货', 3, '韵达速递', NULL, '432732189594715', NULL, NULL, NULL, 0, 0, 1660821784, 0, 6, 1660823071, 0, 0, NULL, NULL, NULL, NULL, 0);
INSERT INTO `s_tao_order` VALUES (1647477879589747479, '', 29.92, 0.00, 0.00, 29.92, '', '2022-08-18 19:37:22', '2022-08-18 19:37:22', '2022-08-18 19:37:22', NULL, NULL, NULL, '', NULL, '', NULL, '等待买家确认收货', 3, '韵达速递', NULL, '432732194247917', NULL, NULL, NULL, 0, 0, 1660822642, 0, 6, 1660822775, 0, 0, NULL, NULL, NULL, NULL, 0);
INSERT INTO `s_tao_order` VALUES (1649326118935313381, '', 29.92, 0.00, 0.00, 29.92, '', '2022-08-21 19:27:21', '2022-08-21 19:27:21', '2022-08-21 19:27:21', NULL, NULL, NULL, '', NULL, '', NULL, '等待买家确认收货', 3, '韵达速递', NULL, '432737498051156', NULL, NULL, NULL, 0, 0, 1661081241, 0, 6, 1661082624, 0, 0, NULL, NULL, NULL, NULL, 0);
INSERT INTO `s_tao_order` VALUES (1653154394408665996, '', 39.52, 0.00, 0.00, 39.52, '', '2022-08-25 20:12:35', '2022-08-25 20:12:35', '2022-08-25 20:12:35', NULL, NULL, NULL, '', NULL, '', NULL, '等待买家确认收货', 3, '韵达速递', NULL, '432745220903636', NULL, NULL, NULL, 0, 0, 1661429555, 0, 6, 1661430187, 0, 0, NULL, NULL, NULL, NULL, 0);
INSERT INTO `s_tao_order` VALUES (1654118401554519282, '', 29.92, 0.00, 0.00, 29.92, '', '2022-08-26 19:53:24', '2022-08-26 19:53:24', '2022-08-26 19:53:24', NULL, NULL, NULL, '', NULL, '', NULL, '等待买家确认收货', 3, '韵达速递', NULL, '432747058224996', NULL, NULL, NULL, 0, 0, 1661514804, 0, 6, 1661518163, 0, 0, NULL, NULL, NULL, NULL, 0);
INSERT INTO `s_tao_order` VALUES (1664188610043377195, '', 19.90, 0.00, 0.00, 19.90, NULL, '2022-09-06 23:05:35', NULL, '2022-09-06 23:05:57', NULL, NULL, NULL, '', '', '', NULL, '等待买家确认收货', 3, '极兔速递', NULL, 'JT3012001081470', NULL, NULL, NULL, 0, 1, 1662545161, 0, 6, 1662549659, 0, 0, NULL, NULL, NULL, 0, 0);
INSERT INTO `s_tao_order` VALUES (1664990796806753993, '', 24.90, 0.00, 0.00, 24.90, NULL, '2022-09-08 13:44:02', NULL, '2022-09-08 13:44:12', NULL, NULL, NULL, '', '', '', NULL, '等待买家确认收货', 3, '极兔速递', NULL, 'JT3012093953057', NULL, NULL, NULL, 0, 1, 1662637850, 0, 6, 1662643343, 0, 0, NULL, NULL, NULL, 0, 0);
INSERT INTO `s_tao_order` VALUES (1666956540494199587, '', 34.90, 0.00, 0.00, 34.90, NULL, '2022-09-10 17:43:28', NULL, '2022-09-10 17:43:32', NULL, NULL, NULL, '', '', '', NULL, '等待买家确认收货', 3, '极兔速递', NULL, 'JT3012292164995', NULL, NULL, NULL, 0, 1, 1662809318, 0, 6, 1662891340, 0, 0, NULL, NULL, NULL, 0, 0);
INSERT INTO `s_tao_order` VALUES (1668790597296915884, '', 51.91, 0.00, 0.00, 51.91, NULL, '2022-09-11 21:32:48', NULL, '2022-09-11 21:33:08', NULL, NULL, NULL, '', '', '', NULL, '等待买家确认收货', 3, '极兔速递', NULL, 'JT3012393584895', NULL, NULL, NULL, 0, 1, 1662981589, 0, 6, 1662983027, 0, 0, NULL, NULL, NULL, 0, 0);
INSERT INTO `s_tao_order` VALUES (1681236338785922394, '', 43.49, 0.00, 0.00, 43.49, NULL, '2022-09-25 14:51:29', NULL, '2022-09-25 14:51:37', NULL, NULL, NULL, '送腰带', '', '', NULL, '等待买家确认收货', 3, '极兔速递', NULL, 'JT3013527906908', NULL, NULL, NULL, 0, 1, 1664101903, 0, 6, 1664269262, 0, 0, NULL, NULL, NULL, 0, 0);
INSERT INTO `s_tao_order` VALUES (1683558230877541495, '', 49.63, 0.00, 0.00, 49.63, NULL, '2022-09-27 10:15:53', NULL, '2022-09-27 10:15:57', NULL, NULL, NULL, '', '', '', NULL, '等待买家确认收货', 3, '极兔速递', NULL, 'JT3013717179230', NULL, NULL, NULL, 1, 1, 1664269923, 0, 6, 1664281070, 0, 0, NULL, '1', '不要腰带', 0, 0);
INSERT INTO `s_tao_order` VALUES (1707397970934272173, '', 52.30, 0.00, 0.00, 52.30, NULL, '2022-10-19 14:56:17', NULL, '2022-10-19 14:58:35', NULL, NULL, NULL, '', '', '', NULL, '等待买家确认收货', 3, '韵达速递', NULL, '432854235143832', NULL, NULL, NULL, 1, 1, 1666173294, 4, 6, 1666178929, 0, 0, NULL, '1', '', 0, 0);
INSERT INTO `s_tao_order` VALUES (1719046705687156592, '', 67.15, 0.00, 0.00, 67.15, NULL, '2022-10-30 10:27:56', NULL, '2022-10-30 10:43:37', NULL, NULL, NULL, '', '', '', NULL, '等待买家确认收货', 3, '申通快递', NULL, '773189893623897', NULL, NULL, NULL, 1, 1, 1667113997, 4, 6, 1667127910, 0, 0, NULL, '1', '', 0, 0);
INSERT INTO `s_tao_order` VALUES (1727577552380645780, '', 69.22, 0.00, 0.00, 69.22, NULL, '2022-11-06 14:12:16', NULL, '2022-11-06 14:12:43', NULL, NULL, NULL, '', '', '', NULL, '等待买家确认收货', 3, '申通快递', NULL, '773191590346950', NULL, NULL, NULL, 1, 1, 1667726372, 4, 6, 1667731554, 0, 0, NULL, '1', '', 0, 0);
INSERT INTO `s_tao_order` VALUES (1732019991903645780, '', 69.22, 0.00, 0.00, 69.22, NULL, '2022-11-10 09:28:11', NULL, '2022-11-10 09:28:19', NULL, NULL, NULL, '', '', '', NULL, '等待买家确认收货', 3, '申通快递', NULL, '773192240748155', NULL, NULL, NULL, 1, 1, 1668071568, 4, 6, 1668074642, 0, 0, NULL, '1', '', 0, 0);
INSERT INTO `s_tao_order` VALUES (1747680279246507087, '', 52.30, 0.00, 0.00, 52.30, NULL, '2022-11-23 10:50:31', NULL, '2022-11-23 10:50:36', NULL, NULL, NULL, '', '', '', NULL, '等待买家确认收货', 3, '韵达速递', NULL, '432931916667103', NULL, NULL, NULL, 1, 1, 1669198381, 4, 6, 1669198422, 0, 0, NULL, '1', '', 0, 0);
INSERT INTO `s_tao_order` VALUES (2788451498824204701, '', 68.80, 0.00, 0.00, 68.80, '', '2022-07-30 10:31:54', '2022-07-30 10:31:54', '2022-07-30 10:31:54', NULL, NULL, NULL, '', NULL, '', NULL, '等待买家确认收货', 3, '韵达速递', NULL, '432698835564622', NULL, NULL, NULL, 0, 0, 1659148313, 0, 6, 1659268603, 0, 0, NULL, NULL, NULL, NULL, 0);
INSERT INTO `s_tao_order` VALUES (2791618416440640000, '', 28.90, 0.00, 0.00, 28.90, '', '2022-08-01 12:39:31', '2022-08-01 12:39:31', '2022-08-01 12:39:31', NULL, NULL, NULL, '', NULL, '', NULL, '等待买家确认收货', 3, '韵达速递', NULL, '432702683305097', NULL, NULL, NULL, 0, 0, 1659328771, 0, 6, 1659417236, 0, 0, NULL, NULL, NULL, NULL, 0);
INSERT INTO `s_tao_order` VALUES (2791875816618556115, '', 28.90, 0.00, 0.00, 28.90, '', '2022-08-01 12:41:45', '2022-08-01 12:41:45', '2022-08-01 12:41:45', NULL, NULL, NULL, '', NULL, '', NULL, '等待买家确认收货', 3, '韵达速递', NULL, '432702683304937', NULL, NULL, NULL, 0, 0, 1659328904, 0, 6, 1659417214, 0, 0, NULL, NULL, NULL, NULL, 0);
INSERT INTO `s_tao_order` VALUES (2794387284993651835, '', 28.90, 0.00, 0.00, 28.90, '', '2022-08-02 19:15:12', '2022-08-02 19:15:12', '2022-08-02 19:15:12', NULL, NULL, NULL, '', NULL, '', NULL, '等待买家确认收货', 3, '韵达速递', NULL, '432704536834253', NULL, NULL, NULL, 0, 0, 1659438912, 0, 6, 1659525371, 0, 0, NULL, NULL, NULL, NULL, 0);
INSERT INTO `s_tao_order` VALUES (2794909754785461846, '', 43.90, 0.00, 0.00, 43.90, '', '2022-08-02 19:25:47', '2022-08-02 19:25:47', '2022-08-02 19:25:47', NULL, NULL, NULL, '', NULL, '', NULL, '等待买家确认收货', 3, '韵达速递', NULL, '432704536834161', NULL, NULL, NULL, 0, 0, 1659439546, 0, 6, 1659525342, 0, 0, NULL, NULL, NULL, NULL, 0);
INSERT INTO `s_tao_order` VALUES (2797896566867104830, '', 39.52, 0.00, 0.00, 39.52, '', '2022-08-03 19:21:02', '2022-08-03 19:21:02', '2022-08-03 19:21:02', NULL, NULL, NULL, '', NULL, '', NULL, '等待买家确认收货', 3, '韵达速递', NULL, '432706257999725', NULL, NULL, NULL, 0, 0, 1659525661, 0, 6, 1659526664, 0, 0, NULL, NULL, NULL, NULL, 0);
INSERT INTO `s_tao_order` VALUES (2798109939719431759, '', 29.92, 0.00, 0.00, 29.92, '', '2022-08-03 19:19:42', '2022-08-03 19:19:42', '2022-08-03 19:19:42', NULL, NULL, NULL, '', NULL, '', NULL, '等待买家确认收货', 3, '韵达速递', NULL, '432706257999822', NULL, NULL, NULL, 0, 0, 1659525581, 0, 6, 1659526695, 0, 0, NULL, NULL, NULL, NULL, 0);
INSERT INTO `s_tao_order` VALUES (2799354781289326116, '', 39.52, 0.00, 0.00, 39.52, '', '2022-08-04 19:04:08', '2022-08-04 19:04:08', '2022-08-04 19:04:08', NULL, NULL, NULL, '', NULL, '', NULL, '等待买家确认收货', 3, '韵达速递', NULL, '432708000082578', NULL, NULL, NULL, 0, 0, 1659611047, 0, 6, 1659614866, 0, 0, NULL, NULL, NULL, NULL, 0);
INSERT INTO `s_tao_order` VALUES (2800972080243121364, '', 29.92, 0.00, 0.00, 29.92, '', '2022-08-05 18:53:58', '2022-08-05 18:53:58', '2022-08-05 18:53:58', NULL, NULL, NULL, '', NULL, '', NULL, '等待买家确认收货', 3, '韵达速递', NULL, '432709738409476', NULL, NULL, NULL, 0, 0, 1659696838, 0, 6, 1659700320, 0, 0, NULL, NULL, NULL, NULL, 0);
INSERT INTO `s_tao_order` VALUES (2800981981958381045, '', 35.92, 0.00, 0.00, 35.92, '', '2022-08-05 18:47:40', '2022-08-05 18:47:40', '2022-08-05 18:47:40', NULL, NULL, NULL, '', NULL, '', NULL, '等待买家确认收货', 3, '韵达速递', NULL, '432709738409864', NULL, NULL, NULL, 0, 0, 1659696460, 0, 6, 1659700092, 0, 0, NULL, NULL, NULL, NULL, 0);
INSERT INTO `s_tao_order` VALUES (2801304685533500951, '', 69.46, 0.00, 0.00, 69.46, '', '2022-08-05 18:51:24', '2022-08-05 18:51:24', '2022-08-05 18:51:24', NULL, NULL, NULL, '', NULL, '', NULL, '等待买家确认收货', 3, '韵达速递', NULL, '432709738409670', NULL, NULL, NULL, 0, 0, 1659696684, 0, 6, 1659700229, 0, 0, NULL, NULL, NULL, NULL, 0);
INSERT INTO `s_tao_order` VALUES (2802425367037543128, '', 39.52, 0.00, 0.00, 39.52, '', '2022-08-05 18:52:49', '2022-08-05 18:52:49', '2022-08-05 18:52:49', NULL, NULL, NULL, '', NULL, '', NULL, '等待买家确认收货', 3, '韵达速递', NULL, '432709738409573', NULL, NULL, NULL, 0, 0, 1659696769, 0, 6, 1659700276, 0, 0, NULL, NULL, NULL, NULL, 0);
INSERT INTO `s_tao_order` VALUES (2802458485756587847, '', 39.52, 0.00, 0.00, 39.52, '', '2022-08-06 18:20:20', '2022-08-06 18:20:20', '2022-08-06 18:20:20', NULL, NULL, NULL, '', NULL, '', NULL, '等待买家确认收货', 3, '韵达速递', NULL, '432711322752302', NULL, NULL, NULL, 0, 0, 1659781220, 0, 6, 1660044015, 0, 0, NULL, NULL, NULL, NULL, 0);
INSERT INTO `s_tao_order` VALUES (2803060765578343137, '', 29.92, 0.00, 0.00, 29.92, '', '2022-08-06 18:24:17', '2022-08-06 18:24:17', '2022-08-06 18:24:17', NULL, NULL, NULL, '', NULL, '', NULL, '等待买家确认收货', 3, '韵达速递', NULL, '432711322752032', NULL, NULL, NULL, 0, 0, 1659781457, 0, 6, 1660043968, 0, 0, NULL, NULL, NULL, NULL, 0);
INSERT INTO `s_tao_order` VALUES (2803069443945496644, '', 39.52, 0.00, 0.00, 39.52, '', '2022-08-05 19:32:52', '2022-08-05 19:32:52', '2022-08-05 19:32:52', NULL, NULL, NULL, '', NULL, '', NULL, '等待买家确认收货', 3, '韵达速递', NULL, '432709738409961', NULL, NULL, NULL, 0, 0, 1659699172, 0, 6, 1659699714, 0, 0, NULL, NULL, NULL, NULL, 0);
INSERT INTO `s_tao_order` VALUES (2803379438025412245, '', 29.92, 0.00, 0.00, 29.92, '', '2022-08-06 18:23:12', '2022-08-06 18:23:12', '2022-08-06 18:23:12', NULL, NULL, NULL, '', NULL, '', NULL, '等待买家确认收货', 3, '韵达速递', NULL, '432711322752122', NULL, NULL, NULL, 0, 0, 1659781392, 0, 6, 1660043984, 0, 0, NULL, NULL, NULL, NULL, 0);
INSERT INTO `s_tao_order` VALUES (2803541439021384333, '', 29.92, 0.00, 0.00, 29.92, '', '2022-08-06 18:21:47', '2022-08-06 18:21:47', '2022-08-06 18:21:47', NULL, NULL, NULL, '', NULL, '', NULL, '等待买家确认收货', 3, '韵达速递', NULL, '432711322752212', NULL, NULL, NULL, 0, 0, 1659781307, 0, 6, 1660044000, 0, 0, NULL, NULL, NULL, NULL, 0);
INSERT INTO `s_tao_order` VALUES (2803676041615853522, '', 29.92, 0.00, 0.00, 29.92, '', '2022-08-06 18:27:22', '2022-08-06 18:27:22', '2022-08-06 18:27:22', NULL, NULL, NULL, '', NULL, '', NULL, '等待买家确认收货', 3, '韵达速递', NULL, '432711322752672', NULL, NULL, NULL, 0, 0, 1659781642, 0, 6, 1660043936, 0, 0, NULL, NULL, NULL, NULL, 0);
INSERT INTO `s_tao_order` VALUES (2803823065336497560, '', 29.92, 0.00, 0.00, 29.92, '', '2022-08-06 18:28:44', '2022-08-06 18:28:44', '2022-08-06 18:28:44', NULL, NULL, NULL, '', NULL, '', NULL, '等待买家确认收货', 3, '韵达速递', NULL, '432711322752582', NULL, NULL, NULL, 0, 0, 1659781724, 0, 6, 1660043923, 0, 0, NULL, NULL, NULL, NULL, 0);
INSERT INTO `s_tao_order` VALUES (2804237174661134517, '', 39.52, 0.00, 0.00, 39.52, '', '2022-08-06 18:30:01', '2022-08-06 18:30:01', '2022-08-06 18:30:01', NULL, NULL, NULL, '', NULL, '', NULL, '等待买家确认收货', 3, '韵达速递', NULL, '432711322752492', NULL, NULL, NULL, 0, 0, 1659781801, 0, 6, 1660043910, 0, 0, NULL, NULL, NULL, NULL, 0);
INSERT INTO `s_tao_order` VALUES (2806128469605311766, '', 39.52, 0.00, 0.00, 39.52, '', '2022-08-12 10:14:35', '2022-08-12 10:14:35', '2022-08-12 10:14:35', NULL, NULL, NULL, '', NULL, '', NULL, '等待买家确认收货', 3, '韵达速递', NULL, '000000', NULL, NULL, NULL, 0, 0, 1660270475, 0, 6, 1660270488, 0, 0, NULL, NULL, NULL, NULL, 0);
INSERT INTO `s_tao_order` VALUES (2806463700630730938, '', 29.92, 0.00, 0.00, 29.92, '', '2022-08-09 19:23:55', '2022-08-09 19:23:55', '2022-08-09 19:23:55', NULL, NULL, NULL, '', NULL, '', NULL, '等待买家确认收货', 3, '韵达速递', NULL, '432714519516515', NULL, NULL, NULL, 0, 0, 1660044235, 0, 6, 1660044250, 0, 0, NULL, NULL, NULL, NULL, 0);
INSERT INTO `s_tao_order` VALUES (2807235686784026944, '', 39.52, 0.00, 0.00, 39.52, '', '2022-08-09 19:26:51', '2022-08-09 19:26:51', '2022-08-09 19:26:51', NULL, NULL, NULL, '', NULL, '', NULL, '等待买家确认收货', 3, '韵达速递', NULL, '432714519516703', NULL, NULL, NULL, 0, 0, 1660044411, 0, 6, 1660044423, 0, 0, NULL, NULL, NULL, NULL, 0);
INSERT INTO `s_tao_order` VALUES (2807896683249463307, '', 29.92, 0.00, 0.00, 29.92, '', '2022-08-09 19:25:30', '2022-08-09 19:25:30', '2022-08-09 19:25:30', NULL, NULL, NULL, '', NULL, '', NULL, '等待买家确认收货', 3, '韵达速递', NULL, '432714519516609', NULL, NULL, NULL, 0, 0, 1660044330, 0, 6, 1660044340, 0, 0, NULL, NULL, NULL, NULL, 0);
INSERT INTO `s_tao_order` VALUES (2809380888296826747, '', 29.92, 0.00, 0.00, 29.92, '', '2022-08-09 19:31:08', '2022-08-09 19:31:08', '2022-08-09 19:31:08', NULL, NULL, NULL, '', NULL, '', NULL, '等待买家确认收货', 3, '韵达速递', NULL, '432716874752606', NULL, NULL, NULL, 0, 0, 1660044668, 0, 6, 1660056371, 0, 0, NULL, NULL, NULL, NULL, 0);
INSERT INTO `s_tao_order` VALUES (2810157841775119046, '', 29.92, 0.00, 0.00, 29.92, '', '2022-08-09 19:30:02', '2022-08-09 19:30:02', '2022-08-09 19:30:02', NULL, NULL, NULL, '', NULL, '', NULL, '等待买家确认收货', 3, '韵达速递', NULL, '432716874752796', NULL, NULL, NULL, 0, 0, 1660044602, 0, 6, 1660056384, 0, 0, NULL, NULL, NULL, NULL, 0);
INSERT INTO `s_tao_order` VALUES (2810277795520609508, '', 29.92, 0.00, 0.00, 29.92, '', '2022-08-09 19:28:55', '2022-08-09 19:28:55', '2022-08-09 19:28:55', NULL, NULL, NULL, '', NULL, '', NULL, '等待买家确认收货', 3, '韵达速递', NULL, '432716874752426', NULL, NULL, NULL, 0, 0, 1660044535, 0, 6, 1660056395, 0, 0, NULL, NULL, NULL, NULL, 0);
INSERT INTO `s_tao_order` VALUES (2811933036666454704, '', 29.92, 0.00, 0.00, 29.92, '', '2022-08-10 17:15:20', '2022-08-10 17:15:20', '2022-08-10 17:15:20', NULL, NULL, NULL, '', NULL, '', NULL, '等待买家确认收货', 3, '韵达速递', NULL, '432718792062162', NULL, NULL, NULL, 0, 0, 1660122920, 0, 6, 1660132093, 0, 0, NULL, NULL, NULL, NULL, 0);
INSERT INTO `s_tao_order` VALUES (2814908799866290421, '', 39.52, 0.00, 0.00, 39.52, '', '2022-08-11 18:29:23', '2022-08-11 18:29:23', '2022-08-11 18:29:23', NULL, NULL, NULL, '', NULL, '', NULL, '等待买家确认收货', 3, '韵达速递', NULL, '432720552180903', NULL, NULL, NULL, 0, 0, 1660213763, 0, 6, 1660304969, 0, 0, NULL, NULL, NULL, NULL, 0);
INSERT INTO `s_tao_order` VALUES (2814967981966512411, '', 39.52, 0.00, 0.00, 39.52, '', '2022-08-12 19:54:07', '2022-08-12 19:54:07', '2022-08-12 19:54:07', NULL, NULL, NULL, '', NULL, '', NULL, '等待买家确认收货', 3, '韵达速递', NULL, '432722269061442', NULL, NULL, NULL, 0, 0, 1660305247, 0, 6, 1660305807, 0, 0, NULL, NULL, NULL, NULL, 0);
INSERT INTO `s_tao_order` VALUES (2815872879709626454, '', 29.92, 0.00, 0.00, 29.92, '', '2022-08-12 19:55:09', '2022-08-12 19:55:09', '2022-08-12 19:55:09', NULL, NULL, NULL, '', NULL, '', NULL, '等待买家确认收货', 3, '韵达速递', NULL, '432722269061353', NULL, NULL, NULL, 0, 0, 1660305309, 0, 6, 1660305761, 0, 0, NULL, NULL, NULL, NULL, 0);
INSERT INTO `s_tao_order` VALUES (2816024978330891142, '', 29.92, 0.00, 0.00, 29.92, '', '2022-08-12 19:56:03', '2022-08-12 19:56:03', '2022-08-12 19:56:03', NULL, NULL, NULL, '', NULL, '', NULL, '等待买家确认收货', 3, '韵达速递', NULL, '432722269061264', NULL, NULL, NULL, 0, 0, 1660305363, 0, 6, 1660305745, 0, 0, NULL, NULL, NULL, NULL, 0);
INSERT INTO `s_tao_order` VALUES (2817362126131487212, '', 39.52, 0.00, 0.00, 39.52, '', '2022-08-13 19:07:19', '2022-08-13 19:07:19', '2022-08-13 19:07:19', NULL, NULL, NULL, '', NULL, '', NULL, '等待买家确认收货', 3, '韵达速递', NULL, '432723807527118', NULL, NULL, NULL, 0, 0, 1660388839, 0, 6, 1660397042, 0, 0, NULL, NULL, NULL, NULL, 0);
INSERT INTO `s_tao_order` VALUES (2821066273607033246, '', 29.92, 0.00, 0.00, 29.92, '', '2022-08-15 19:56:21', '2022-08-15 19:56:21', '2022-08-15 19:56:21', NULL, NULL, NULL, '', NULL, '', NULL, '等待买家确认收货', 3, '韵达速递', NULL, '432727009545994', NULL, NULL, NULL, 0, 0, 1660564581, 0, 6, 1660613297, 0, 0, NULL, NULL, NULL, NULL, 0);
INSERT INTO `s_tao_order` VALUES (2821131792906086156, '', 29.92, 0.00, 0.00, 29.92, '', '2022-08-15 19:57:17', '2022-08-15 19:57:17', '2022-08-15 19:57:17', NULL, NULL, NULL, '', NULL, '', NULL, '等待买家确认收货', 3, '韵达速递', NULL, '432727009545801', NULL, NULL, NULL, 0, 0, 1660564637, 0, 6, 1660613278, 0, 0, NULL, NULL, NULL, NULL, 0);
INSERT INTO `s_tao_order` VALUES (2821439630766120201, '', 29.92, 0.00, 0.00, 29.92, '', '2022-08-15 19:55:28', '2022-08-15 19:55:28', '2022-08-15 19:55:28', NULL, NULL, NULL, '', NULL, '', NULL, '等待买家确认收货', 3, '韵达速递', NULL, '432727009546049', NULL, NULL, NULL, 0, 0, 1660564528, 0, 6, 1660613308, 0, 0, NULL, NULL, NULL, NULL, 0);
INSERT INTO `s_tao_order` VALUES (2824177932760871937, '', 39.52, 0.00, 0.00, 39.52, '', '2022-08-17 18:19:35', '2022-08-17 18:19:35', '2022-08-17 18:19:35', NULL, NULL, NULL, '', NULL, '', NULL, '等待买家确认收货', 3, '韵达速递', NULL, '432730372496732', NULL, NULL, NULL, 0, 0, 1660731575, 0, 6, 1660737085, 0, 0, NULL, NULL, NULL, NULL, 0);
INSERT INTO `s_tao_order` VALUES (2824824564086115520, '', 29.92, 0.00, 0.00, 29.92, '', '2022-08-17 18:20:51', '2022-08-17 18:20:51', '2022-08-17 18:20:51', NULL, NULL, NULL, '', NULL, '', NULL, '等待买家确认收货', 3, '韵达速递', NULL, '432730372496638', NULL, NULL, NULL, 0, 0, 1660731651, 0, 6, 1660737028, 0, 0, NULL, NULL, NULL, NULL, 0);
INSERT INTO `s_tao_order` VALUES (2825385264263717249, '', 29.92, 0.00, 0.00, 29.92, '', '2022-08-18 19:17:49', '2022-08-18 19:17:49', '2022-08-18 19:17:49', NULL, NULL, NULL, '', NULL, '', NULL, '等待买家确认收货', 3, '韵达速递', NULL, '432732189595254', NULL, NULL, NULL, 0, 0, 1660821469, 0, 6, 1660823199, 0, 0, NULL, NULL, NULL, NULL, 0);
INSERT INTO `s_tao_order` VALUES (2826089316520532138, '', 59.84, 0.00, 0.00, 59.84, '', '2022-08-18 19:20:48', '2022-08-18 19:20:48', '2022-08-18 19:20:48', NULL, NULL, NULL, '', NULL, '', NULL, '等待买家确认收货', 3, '韵达速递', NULL, '432732189594999', NULL, NULL, NULL, 0, 0, 1660821648, 0, 6, 1660823102, 0, 0, NULL, NULL, NULL, NULL, 0);
INSERT INTO `s_tao_order` VALUES (2826557209416120201, '', 29.92, 0.00, 0.00, 29.92, '', '2022-08-18 19:18:51', '2022-08-18 19:18:51', '2022-08-18 19:18:51', NULL, NULL, NULL, '', NULL, '', NULL, '等待买家确认收货', 3, '韵达速递', NULL, '432732189595161', NULL, NULL, NULL, 0, 0, 1660821531, 0, 6, 1660823187, 0, 0, NULL, NULL, NULL, NULL, 0);
INSERT INTO `s_tao_order` VALUES (2827254996108810615, '', 29.92, 0.00, 0.00, 29.92, '', '2022-08-18 19:23:54', '2022-08-18 19:23:54', '2022-08-18 19:23:54', NULL, NULL, NULL, '', NULL, '', NULL, '等待买家确认收货', 3, '韵达速递', NULL, '432732189594623', NULL, NULL, NULL, 0, 0, 1660821834, 0, 6, 1660822716, 0, 0, NULL, NULL, NULL, NULL, 0);
INSERT INTO `s_tao_order` VALUES (2828255115947158925, '', 39.52, 0.00, 0.00, 39.52, '', '2022-08-18 19:22:06', '2022-08-18 19:22:06', '2022-08-18 19:22:06', NULL, NULL, NULL, '', NULL, '', NULL, '等待买家确认收货', 3, '韵达速递', NULL, '432732189594807', NULL, NULL, NULL, 0, 0, 1660821726, 0, 6, 1660823086, 0, 0, NULL, NULL, NULL, NULL, 0);
INSERT INTO `s_tao_order` VALUES (2830086181549556227, '', 29.92, 0.00, 0.00, 29.92, '', '2022-08-19 19:03:26', '2022-08-19 19:03:26', '2022-08-19 19:03:26', NULL, NULL, NULL, '', NULL, '', NULL, '等待买家确认收货', 3, '韵达速递', NULL, '432733936340176', NULL, NULL, NULL, 0, 0, 1660907006, 0, 6, 1660914115, 0, 0, NULL, NULL, NULL, NULL, 0);
INSERT INTO `s_tao_order` VALUES (2833459166397538046, '', 29.92, 0.00, 0.00, 29.92, '', '2022-08-21 19:26:23', '2022-08-21 19:26:23', '2022-08-21 19:26:23', NULL, NULL, NULL, '', NULL, '', NULL, '等待买家确认收货', 3, '韵达速递', NULL, '432737498051245', NULL, NULL, NULL, 0, 0, 1661081183, 0, 6, 1661082660, 0, 0, NULL, NULL, NULL, NULL, 0);
INSERT INTO `s_tao_order` VALUES (2833487605081053215, '', 29.92, 0.00, 0.00, 29.92, '', '2022-08-21 19:28:07', '2022-08-21 19:28:07', '2022-08-21 19:28:07', NULL, NULL, NULL, '', NULL, '', NULL, '等待买家确认收货', 3, '韵达速递', NULL, '432737498051067', NULL, NULL, NULL, 0, 0, 1661081287, 0, 6, 1661082591, 0, 0, NULL, NULL, NULL, NULL, 0);
INSERT INTO `s_tao_order` VALUES (2834586612989989214, '', 29.92, 0.00, 0.00, 29.92, '', '2022-08-22 17:25:13', '2022-08-22 17:25:13', '2022-08-22 17:25:13', NULL, NULL, NULL, '', NULL, '', NULL, '等待买家确认收货', 3, '韵达速递', NULL, '432739376980052', NULL, NULL, NULL, 0, 0, 1661160313, 0, 6, 1661255588, 0, 0, NULL, NULL, NULL, NULL, 0);
INSERT INTO `s_tao_order` VALUES (2835997560685460338, '', 29.92, 0.00, 0.00, 29.92, '', '2022-08-23 19:54:11', '2022-08-23 19:54:11', '2022-08-23 19:54:11', NULL, NULL, NULL, '', NULL, '', NULL, '等待买家确认收货', 3, '韵达速递', NULL, '432741412357862', NULL, NULL, NULL, 0, 0, 1661255651, 0, 6, 1661341201, 0, 0, NULL, NULL, NULL, NULL, 0);
INSERT INTO `s_tao_order` VALUES (2836651827420622606, '', 29.92, 0.00, 0.00, 29.92, '', '2022-08-22 17:26:21', '2022-08-22 17:26:21', '2022-08-22 17:26:21', NULL, NULL, NULL, '', NULL, '', NULL, '等待买家确认收货', 3, '韵达速递', NULL, '432739376979983', NULL, NULL, NULL, 0, 0, 1661160381, 0, 6, 1661255576, 0, 0, NULL, NULL, NULL, NULL, 0);
INSERT INTO `s_tao_order` VALUES (2838936061398720816, '', 47.92, 0.00, 0.00, 47.92, '', '2022-08-23 19:59:52', '2022-08-23 19:59:52', '2022-08-23 19:59:52', NULL, NULL, NULL, '', NULL, '', NULL, '等待买家确认收货', 3, '韵达速递', NULL, '432741412357672', NULL, NULL, NULL, 0, 0, 1661255992, 0, 6, 1661341244, 0, 0, NULL, NULL, NULL, NULL, 0);
INSERT INTO `s_tao_order` VALUES (2839011483867148800, '', 29.92, 0.00, 0.00, 29.92, '', '2022-08-23 19:54:59', '2022-08-23 19:54:59', '2022-08-23 19:54:59', NULL, NULL, NULL, '', NULL, '', NULL, '等待买家确认收货', 3, '韵达速递', NULL, '432741412357767', NULL, NULL, NULL, 0, 0, 1661255699, 0, 6, 1661341229, 0, 0, NULL, NULL, NULL, NULL, 0);
INSERT INTO `s_tao_order` VALUES (2840584645454757805, '', 29.92, 0.00, 0.00, 29.92, '', '2022-08-24 19:41:38', '2022-08-24 19:41:38', '2022-08-24 19:41:38', NULL, NULL, NULL, '', NULL, '', NULL, '等待买家确认收货', 3, '韵达速递', NULL, '432743309404365', NULL, NULL, NULL, 0, 0, 1661341298, 0, 6, 1661341618, 0, 0, NULL, NULL, NULL, NULL, 0);
INSERT INTO `s_tao_order` VALUES (2855773766822325815, '', 39.52, 0.00, 0.00, 39.52, '', '2022-08-31 17:43:01', '2022-08-31 17:43:01', '2022-08-31 17:43:01', NULL, NULL, NULL, '', NULL, '', NULL, '等待买家确认收货', 3, '韵达速递', NULL, '432756595827114', NULL, NULL, NULL, 0, 0, 1661938981, 0, 6, 1661946539, 0, 0, NULL, NULL, NULL, NULL, 0);
INSERT INTO `s_tao_order` VALUES (2863795574656667447, '', 47.92, 0.00, 0.00, 47.92, NULL, '2022-09-03 15:34:29', NULL, '2022-09-03 15:34:33', NULL, NULL, NULL, '', '', '', NULL, '等待买家确认收货', 3, '极兔速递', NULL, 'JT3011645933337', NULL, NULL, NULL, 0, 1, 1662199700, 0, 6, 1662205671, 0, 0, NULL, NULL, NULL, 0, 0);
INSERT INTO `s_tao_order` VALUES (2871618367375154549, '', 27.90, 0.00, 0.00, 27.90, NULL, '2022-09-06 20:03:11', NULL, '2022-09-06 20:03:13', NULL, NULL, NULL, '', '', '', NULL, '等待买家确认收货', 3, '极兔速递', NULL, 'JT3012001081492', NULL, NULL, NULL, 0, 1, 1662545161, 0, 6, 1662549600, 0, 0, NULL, NULL, NULL, 0, 0);
INSERT INTO `s_tao_order` VALUES (2871656887230113338, '', 27.90, 0.00, 0.00, 27.90, NULL, '2022-09-06 20:05:01', NULL, '2022-09-06 20:05:02', NULL, NULL, NULL, '', '', '', NULL, '等待买家确认收货', 3, '极兔速递', NULL, 'JT3012001081492', NULL, NULL, NULL, 0, 1, 1662545161, 0, 6, 1662549609, 0, 0, NULL, NULL, NULL, 0, 0);
INSERT INTO `s_tao_order` VALUES (2872120393981932527, '', 25.14, 0.00, 0.00, 25.14, NULL, '2022-09-06 22:50:50', NULL, '2022-09-06 22:50:57', NULL, NULL, NULL, '', '', '', NULL, '等待买家确认收货', 3, '极兔速递', NULL, 'JT3012001081481', NULL, NULL, NULL, 0, 1, 1662545161, 0, 6, 1662549624, 0, 0, NULL, NULL, NULL, 0, 0);
INSERT INTO `s_tao_order` VALUES (2873372763545381646, '', 55.92, 0.00, 0.00, 55.92, NULL, '2022-09-07 09:17:05', NULL, '2022-09-07 09:17:22', NULL, NULL, NULL, '', '', '', NULL, '等待买家确认收货', 3, '极兔速递', NULL, 'JT3012001081469', NULL, NULL, NULL, 0, 1, 1662545161, 0, 6, 1662549670, 0, 0, NULL, NULL, NULL, 0, 0);
INSERT INTO `s_tao_order` VALUES (2882180559719256611, '', 39.52, 0.00, 0.00, 39.52, NULL, '2022-09-11 15:10:21', NULL, '2022-09-11 15:10:28', NULL, NULL, NULL, '', '', '', NULL, '等待买家确认收货', 3, '极兔速递', NULL, 'JT3012313812238', NULL, NULL, NULL, 0, 1, 1662891617, 0, 6, 1662897810, 0, 0, NULL, NULL, NULL, 0, 0);
INSERT INTO `s_tao_order` VALUES (2894222592323299060, '', 53.91, 0.00, 0.00, 53.91, NULL, '2022-09-18 13:56:25', NULL, '2022-09-18 13:56:28', NULL, NULL, NULL, '', '', '', NULL, '等待买家确认收货', 3, '极兔速递', NULL, 'JT3012900266448', NULL, NULL, NULL, 0, 1, 1663503912, 0, 6, 1663504416, 0, 0, NULL, NULL, NULL, 0, 0);
INSERT INTO `s_tao_order` VALUES (2899913437459231759, '', 39.52, 0.00, 0.00, 39.52, NULL, '2022-09-20 21:23:12', NULL, '2022-09-20 21:40:20', NULL, NULL, NULL, '', '', '', NULL, '等待买家确认收货', 3, '极兔速递', NULL, 'JT3013085384696', NULL, NULL, NULL, 0, 1, 1663682707, 0, 6, 1663683454, 0, 0, NULL, NULL, NULL, 0, 0);
INSERT INTO `s_tao_order` VALUES (2900221419737927908, '', 29.92, 0.00, 0.00, 29.92, NULL, '2022-09-20 18:13:56', NULL, '2022-09-20 18:13:58', NULL, NULL, NULL, '', '', '', NULL, '等待买家确认收货', 3, '极兔速递', NULL, 'JT3013083656908', NULL, NULL, NULL, 0, 1, 1663677031, 0, 6, 1663683473, 0, 0, NULL, NULL, NULL, 0, 0);
INSERT INTO `s_tao_order` VALUES (2923690718502279654, '', 54.90, 0.00, 0.00, 54.90, NULL, '2022-10-02 01:22:04', NULL, '2022-10-02 01:23:13', NULL, NULL, NULL, '', '', '', NULL, '等待买家确认收货', 3, '极兔速递', NULL, 'JT3014110318112', NULL, NULL, NULL, 1, 1, 1664702068, 0, 6, 1664711509, 0, 0, NULL, '1', '\'', 0, 0);
INSERT INTO `s_tao_order` VALUES (2927935514314953754, '', 53.61, 0.00, 0.00, 53.61, NULL, '2022-10-04 07:32:38', NULL, '2022-10-04 07:32:44', NULL, NULL, NULL, '', '', '', NULL, '等待买家确认收货', 3, '极兔速递', NULL, 'JT3014278403520', NULL, NULL, NULL, 1, 1, 1664882624, 0, 6, 1664884707, 0, 0, NULL, '1', '\'', 0, 0);
INSERT INTO `s_tao_order` VALUES (2934328755836161104, '', 133.03, 0.00, 0.00, 133.03, NULL, '2022-10-06 23:58:12', NULL, '2022-10-06 23:58:21', NULL, NULL, NULL, '', '', '', NULL, '等待买家确认收货', 3, '极兔速递', NULL, 'JT3014544579342', NULL, NULL, NULL, 1, 1, 1665137419, 0, 6, 1665145657, 0, 0, NULL, '1', '\'', 0, 0);
INSERT INTO `s_tao_order` VALUES (2989950941864043634, '', 63.90, 0.00, 0.00, 63.90, NULL, '2022-10-31 21:21:23', NULL, '2022-10-31 21:21:40', NULL, NULL, NULL, '', '', '', NULL, '等待买家确认收货', 3, '申通快递', NULL, '773190534080476', NULL, NULL, NULL, 1, 1, 1667299816, 4, 6, 1667300955, 0, 0, NULL, '1', '', 0, 0);
INSERT INTO `s_tao_order` VALUES (2996431995920305209, '', 53.91, 0.00, 0.00, 53.91, NULL, '2022-11-02 01:40:10', NULL, '2022-11-02 01:40:12', NULL, NULL, NULL, '', '', '', NULL, '等待买家确认收货', 3, '韵达速递', NULL, '432883942432533', NULL, NULL, NULL, 1, 1, 1667373104, 4, 6, 1667378375, 0, 0, NULL, '1', '', 0, 0);
INSERT INTO `s_tao_order` VALUES (3007753525735252502, '', 29.01, 0.00, 0.00, 29.01, NULL, '2022-11-06 14:18:00', NULL, '2022-11-06 14:18:02', NULL, NULL, NULL, '', '', '', NULL, '等待买家确认收货', 3, '韵达速递', NULL, '432893399430806', NULL, NULL, NULL, 1, 1, 1667726372, 4, 6, 1667731515, 0, 0, NULL, '1', '', 0, 0);
INSERT INTO `s_tao_order` VALUES (3020629500584706539, '', 56.85, 0.00, 0.00, 56.85, NULL, '2022-11-11 07:55:56', NULL, '2022-11-11 07:56:08', NULL, NULL, NULL, '', '', '', NULL, '等待买家确认收货', 3, '申通快递', NULL, '773192733587587', NULL, NULL, NULL, 1, 1, 1668142582, 4, 6, 1668162156, 0, 0, NULL, '1', '', 0, 0);
INSERT INTO `s_tao_order` VALUES (3068371695265649519, '', 58.11, 0.00, 0.00, 58.11, NULL, '2022-12-03 15:19:34', NULL, '2022-12-03 15:19:39', NULL, NULL, NULL, '', '', '', NULL, '等待买家确认收货', 3, '韵达速递', NULL, '432947479125602', NULL, NULL, NULL, 1, 1, 1670064385, 4, 6, 1670064732, 0, 0, NULL, '1', '', 0, 0);
INSERT INTO `s_tao_order` VALUES (3176359130095573624, '', 87.21, 0.00, 0.00, 87.21, NULL, '2023-02-01 07:46:58', NULL, '2023-02-01 07:47:07', NULL, NULL, NULL, '', '', '', NULL, '等待买家确认收货', 3, '中通快递', NULL, '78653479793989', NULL, NULL, NULL, 1, 1, 1675238423, 4, 6, 1675258771, 0, 0, NULL, '1', '', 0, 0);
INSERT INTO `s_tao_order` VALUES (3198002834286896419, '', 24.00, 0.00, 0.00, 24.00, NULL, '2023-02-13 00:04:10', NULL, '2023-02-13 00:04:20', NULL, NULL, NULL, '', '', '', NULL, '等待买家确认收货', 3, '韵达速递', NULL, '433063122463688', NULL, NULL, NULL, 1, 1, 1676287155, 4, 6, 1676289691, 0, 0, NULL, '1', '', 0, 0);
INSERT INTO `s_tao_order` VALUES (3199194974134669907, '', 23.13, 0.00, 0.00, 23.13, NULL, '2023-02-13 17:21:51', NULL, '2023-02-13 17:21:58', NULL, NULL, NULL, '', '', '', NULL, '等待买家确认收货', 3, '韵达速递', NULL, '433063114339003', NULL, NULL, NULL, 1, 1, 1676287155, 4, 6, 1676289681, 0, 0, NULL, '1', '', 0, 0);
INSERT INTO `s_tao_order` VALUES (3200980287903658205, '', 84.90, 0.00, 0.00, 84.90, NULL, '2023-02-14 14:11:28', NULL, '2023-02-14 14:11:34', NULL, NULL, NULL, '', '', '', NULL, '等待买家确认收货', 3, '申通快递', NULL, '78657308957007', NULL, NULL, NULL, 1, 1, 1676366247, 4, 6, 1676452496, 0, 0, NULL, '1', '', 0, 0);
INSERT INTO `s_tao_order` VALUES (3202795730989743130, '', 23.13, 0.00, 0.00, 23.13, NULL, '2023-02-15 15:33:52', NULL, '2023-02-15 15:34:00', NULL, NULL, NULL, '', '', '', NULL, '等待买家确认收货', 3, '韵达速递', NULL, '433067053019083', NULL, NULL, NULL, 1, 1, 1676452925, 4, 6, 1676453746, 0, 0, NULL, '1', '', 0, 0);
INSERT INTO `s_tao_order` VALUES (3203383969440472843, '', 23.13, 0.00, 0.00, 23.13, NULL, '2023-02-15 23:16:19', NULL, '2023-02-15 23:16:29', NULL, NULL, NULL, '', '', '', NULL, '等待买家确认收货', 3, '韵达速递', NULL, '433069082682593', NULL, NULL, NULL, 1, 1, 1676541858, 4, 6, 1676542281, 0, 0, NULL, '1', '', 0, 0);
INSERT INTO `s_tao_order` VALUES (3207092509128923220, '', 84.90, 0.00, 0.00, 84.90, NULL, '2023-02-17 21:32:52', NULL, '2023-02-17 21:32:56', NULL, NULL, NULL, '', '', '', NULL, '等待买家确认收货', 3, '中通快递', NULL, '78658550530176', NULL, NULL, NULL, 1, 1, 1676709109, 4, 6, 1676980004, 0, 0, NULL, '1', '', 0, 0);
INSERT INTO `s_tao_order` VALUES (3212109471054044857, '', 84.90, 0.00, 0.00, 84.90, NULL, '2023-02-20 08:08:45', NULL, '2023-02-20 08:08:47', NULL, NULL, NULL, '', '', '', NULL, '等待买家确认收货', 3, '韵达速递', NULL, '433079039535713', NULL, NULL, NULL, 1, 1, 1676979923, 4, 6, 1676979968, 0, 0, NULL, '1', '', 0, 0);
INSERT INTO `s_tao_order` VALUES (3214812817200681765, '', 82.21, 0.00, 0.00, 82.21, NULL, '2023-02-21 19:31:08', NULL, '2023-02-21 19:31:21', NULL, NULL, NULL, '', '', '', NULL, '等待买家确认收货', 3, '韵达速递', NULL, '433079025482626', NULL, NULL, NULL, 1, 1, 1676981038, 4, 6, 1676983649, 0, 0, NULL, '1', '', 0, 0);
INSERT INTO `s_tao_order` VALUES (3217043487978326218, '', 84.90, 0.00, 0.00, 84.90, NULL, '2023-02-22 17:46:00', NULL, '2023-02-22 17:46:07', NULL, NULL, NULL, '', '', '', NULL, '等待买家确认收货', 3, '韵达速递', NULL, '433080943458113', NULL, NULL, NULL, 1, 1, 1677060619, 4, 6, 1677064706, 0, 0, NULL, '1', '', 0, 0);
INSERT INTO `s_tao_order` VALUES (3236924701745643410, '', 44.90, 0.00, 0.00, 44.90, NULL, '2023-03-04 20:06:23', NULL, '2023-03-04 20:06:39', NULL, NULL, NULL, '', '', '', NULL, '等待买家确认收货', 3, '韵达速递', NULL, '433100961138996', NULL, NULL, NULL, 1, 1, 1677998283, 4, 6, 1678004374, 0, 0, NULL, '1', '', 0, 0);
INSERT INTO `s_tao_order` VALUES (3237115646950643410, '', 44.90, 0.00, 0.00, 44.90, NULL, '2023-03-04 20:07:06', NULL, '2023-03-04 20:07:09', NULL, NULL, NULL, '', '', '', NULL, '等待买家确认收货', 3, '韵达速递', NULL, '433100961138996', NULL, NULL, NULL, 1, 1, 1677998283, 4, 6, 1678004379, 0, 0, NULL, '1', '', 0, 0);
INSERT INTO `s_tao_order` VALUES (3238963057148759844, '', 82.21, 0.00, 0.00, 82.21, NULL, '2023-03-05 12:48:00', NULL, '2023-03-05 12:50:20', NULL, NULL, NULL, '', '', '', NULL, '等待买家确认收货', 3, '韵达速递', NULL, '433101363722890', NULL, NULL, NULL, 1, 1, 1677998283, 4, 6, 1678022841, 0, 0, NULL, '1', '', 0, 0);

-- ----------------------------
-- Table structure for s_tao_order_address
-- ----------------------------
DROP TABLE IF EXISTS `s_tao_order_address`;
CREATE TABLE `s_tao_order_address`  (
  `id` bigint(0) NOT NULL AUTO_INCREMENT,
  `orderId` bigint(0) NOT NULL COMMENT '订单id',
  `contactPerson` varchar(20) CHARACTER SET utf8mb3 COLLATE utf8mb3_general_ci DEFAULT NULL,
  `mobile` varchar(20) CHARACTER SET utf8mb3 COLLATE utf8mb3_general_ci DEFAULT NULL,
  `province` varchar(20) CHARACTER SET utf8mb3 COLLATE utf8mb3_general_ci DEFAULT NULL,
  `city` varchar(30) CHARACTER SET utf8mb3 COLLATE utf8mb3_general_ci DEFAULT NULL,
  `area` varchar(30) CHARACTER SET utf8mb3 COLLATE utf8mb3_general_ci DEFAULT NULL,
  `areaCode` varchar(10) CHARACTER SET utf8mb3 COLLATE utf8mb3_general_ci DEFAULT NULL,
  `town` varchar(30) CHARACTER SET utf8mb3 COLLATE utf8mb3_general_ci DEFAULT NULL,
  `townCode` varchar(20) CHARACTER SET utf8mb3 COLLATE utf8mb3_general_ci DEFAULT NULL,
  `address` varchar(250) CHARACTER SET utf8mb3 COLLATE utf8mb3_general_ci DEFAULT NULL,
  PRIMARY KEY (`id`) USING BTREE
) ENGINE = InnoDB AUTO_INCREMENT = 120 CHARACTER SET = utf8mb3 COLLATE = utf8mb3_general_ci ROW_FORMAT = Dynamic;

-- ----------------------------
-- Records of s_tao_order_address
-- ----------------------------
INSERT INTO `s_tao_order_address` VALUES (4, 2788451498824204701, '张玉华', '15921900960', '上海', '', '', NULL, NULL, NULL, '上海上海市 浦东新区 曹路镇 龚华路479弄1号龚新居委1楼 ');
INSERT INTO `s_tao_order_address` VALUES (5, 1631273557325601885, '王淑芳', '18704389133', '吉林', '', '', NULL, NULL, NULL, '吉林吉林省松原市扶余市 三井子镇 里');
INSERT INTO `s_tao_order_address` VALUES (6, 2791618416440640000, '张莲玉8538', '18466694352', '山东', '', '', NULL, NULL, NULL, '山东山东省临沂市沂水县 沂城街道 莲旺街与小河路交叉路口北侧御水苑东南侧月租公寓8538');
INSERT INTO `s_tao_order_address` VALUES (7, 2791875816618556115, '钱多多', '18161070067', '广东', '', '', NULL, NULL, NULL, '广东广东省深圳市龙岗区 龙岗街道 龙岗大道龙岗段5018号荣群大厦');
INSERT INTO `s_tao_order_address` VALUES (8, 2794387284993651835, '卢海雁', '15771091855', '湖北', '', '', NULL, NULL, NULL, '湖北湖北省十堰市茅箭区 二堰街道 富康小区41栋601');
INSERT INTO `s_tao_order_address` VALUES (9, 2794909754785461846, '李芯月', '18328043792', '四川', '', '', NULL, NULL, NULL, '四川四川省成都市龙泉驿区 大面街道 车城西五路557号附近 龙安佳苑龙华二期A区2栋3单元1103');
INSERT INTO `s_tao_order_address` VALUES (10, 2798109939719431759, '旺康文具', '13425457495', '广东', '', '', NULL, NULL, NULL, '广东广东省中山市古镇古二村东方路14号8卡');
INSERT INTO `s_tao_order_address` VALUES (11, 2797896566867104830, '阳女士', '17773448135', '湖南', '', '', NULL, NULL, NULL, '湖南湖南省衡阳市衡东县 洣水镇 峥嵘北路金良宾馆');
INSERT INTO `s_tao_order_address` VALUES (12, 2799354781289326116, '唐女士', '15323626261', '湖南', '', '', NULL, NULL, NULL, '湖南湖南省长沙市雨花区 洞井街道 时代阳光大道世纪桃花苑1栋403');
INSERT INTO `s_tao_order_address` VALUES (13, 2800981981958381045, '焦丹丹', '15038517557', '福建', '', '', NULL, NULL, NULL, '福建福建省 宁德市 蕉城区 七都镇 宁德时代新能源科技有限公司L16');
INSERT INTO `s_tao_order_address` VALUES (14, 1635222253871665598, '小红', '15635244122', '上海', '', '', NULL, NULL, NULL, '上海上海 上海市 徐汇区 华泾镇 华发路368弄 馨宁公寓馨宁公寓368弄23号楼1501');
INSERT INTO `s_tao_order_address` VALUES (15, 2801304685533500951, '燕子', '15867203257', '四川', '', '', NULL, NULL, NULL, '四川四川省 广元市 剑阁县 公兴镇 剑南街18号');
INSERT INTO `s_tao_order_address` VALUES (16, 2802425367037543128, '王文静', '18250497319', '福建', '', '', NULL, NULL, NULL, '福建福建省 福州市 闽侯县 甘蔗街道 万家广场四楼酷动健身门口，匠心，店铺 ');
INSERT INTO `s_tao_order_address` VALUES (17, 2800972080243121364, '郝利佳', '13231911432', '河北', '', '', NULL, NULL, NULL, '河北河北省 邢台市 沙河市 新城镇 白错村');
INSERT INTO `s_tao_order_address` VALUES (18, 1634650644223535380, '杨琴', '13880931736', '四川', '', '', NULL, NULL, NULL, '四川四川省 眉山市 仁寿县 视高镇 工业园区倍特电动车公司');
INSERT INTO `s_tao_order_address` VALUES (19, 2803069443945496644, '李小姐', '18602008969', '广东', '', '', NULL, NULL, NULL, '广东东省 广州市 天河区 凤凰街道 柯木塱金铺北街放菜鸟驿站');
INSERT INTO `s_tao_order_address` VALUES (20, 2802458485756587847, '汪喜林', '13956778051', '江苏', '', '', NULL, NULL, NULL, '江苏江苏省 苏州市 昆山市 玉山镇 共青小区C区44幢303');
INSERT INTO `s_tao_order_address` VALUES (21, 2803541439021384333, '何梅莲', '15980888349', '福建', '', '', NULL, NULL, NULL, '福建福建省 厦门市 同安区 祥平街道 杜桥路鸿伟家具 ');
INSERT INTO `s_tao_order_address` VALUES (22, 2803379438025412245, '陈丽', '18668412632-5045', '广东', '', '', NULL, NULL, NULL, '广东广东省 东莞市 寮步镇 国际汽车城广汽丰田骏鸣店');
INSERT INTO `s_tao_order_address` VALUES (23, 2803060765578343137, '李女士', '17751331897', '江苏', '', '', NULL, NULL, NULL, '江苏江苏省 扬州市 宝应县 安宜镇 白田南路御景豪庭25栋');
INSERT INTO `s_tao_order_address` VALUES (24, 1635963673656309898, '朱松梅', '13725742593', '湖南', '', '', NULL, NULL, NULL, '湖南湖南省 邵阳市 城步苗族自治县儒林镇湘西南幼儿园旁边');
INSERT INTO `s_tao_order_address` VALUES (25, 2803676041615853522, '周莉萍', '13600550802', '浙江', '', '', NULL, NULL, NULL, '浙江浙江省 嘉兴市 嘉善县 罗星街道 晋阳东路271号，嘉虹旅行社');
INSERT INTO `s_tao_order_address` VALUES (26, 2803823065336497560, '王玮', '13886065417', '湖北', '', '', NULL, NULL, NULL, '湖北湖北省 武汉市 蔡甸区 沌阳街道 太子湖路万科翡翠玖玺8015-1-204');
INSERT INTO `s_tao_order_address` VALUES (27, 2804237174661134517, '刘毛毛', '18134108633', '河北', '', '', NULL, NULL, NULL, '河北河北省 邯郸市 馆陶县 馆陶镇 政府街超远二期3号楼');
INSERT INTO `s_tao_order_address` VALUES (28, 2806463700630730938, '李爱容', '18923174464', '广东', '', '', NULL, NULL, NULL, '广东广东省 佛山市 南海区 里水镇 大冲碧桂园山水桃园79座803');
INSERT INTO `s_tao_order_address` VALUES (29, 2807896683249463307, '杨光秀', '15251912574', '江苏', '', '', NULL, NULL, NULL, '江苏江苏省 常州市 钟楼区 北港街道 紫薇路36瑞点科技有限公司');
INSERT INTO `s_tao_order_address` VALUES (30, 2807235686784026944, '王富贵', '18680080903', '广东', '', '', NULL, NULL, NULL, '广东广东省 东莞市 常平镇 常平万科城常平爱弥儿外国语幼儿园');
INSERT INTO `s_tao_order_address` VALUES (31, 2810277795520609508, 'dariceinez', '18925436128', '广东', '', '', NULL, NULL, NULL, '广东广东省 东莞市 东城街道 牛山汇京路2号');
INSERT INTO `s_tao_order_address` VALUES (32, 2810157841775119046, '刘洁', '13570259034', '广东', '', '', NULL, NULL, NULL, '广东广东省 广州市 天河区 前进街道 石溪村牛涌街11巷2号店菜鸟驿站');
INSERT INTO `s_tao_order_address` VALUES (33, 2809380888296826747, '安仔', '13433007297', '广东', '', '', NULL, NULL, NULL, '广东广东省 东莞市 长安镇 新民社区新星路五巷2号和安公寓管理处');
INSERT INTO `s_tao_order_address` VALUES (34, 1638101679063535380, '杨琴', '13880931736', '四川', '', '', NULL, NULL, NULL, '四川四川省 眉山市 仁寿县 视高镇 工业园区倍特电动车公司');
INSERT INTO `s_tao_order_address` VALUES (35, 2811933036666454704, '廖丽珍', '15078500368', '广西', '', '', NULL, NULL, NULL, '广西广西壮族自治区 柳州市 融水苗族自治县 融水镇 玉融大道32号苏盟家园10栋114号城中美味滤粉');
INSERT INTO `s_tao_order_address` VALUES (36, 1638388920088435398, '叶润好', '13622522205', '广东', '', '', NULL, NULL, NULL, '广东广东省 佛山市 顺德区 容桂街道 佛山市顺德区容桂镇公园路五号逸涛居五座602号房');
INSERT INTO `s_tao_order_address` VALUES (37, 1639678765959282960, '小辫儿', '18236155082', '上海', '', '', NULL, NULL, NULL, '上海上海市 浦东新区 金桥经济技术开发区 金海路1000号金领之都45号楼二楼');
INSERT INTO `s_tao_order_address` VALUES (38, 1639000560200588828, '罗奕', '13162972344-4017', '四川', '', '', NULL, NULL, NULL, '四川四川省 成都市 青白江区 福洪镇 隆盛街48号');
INSERT INTO `s_tao_order_address` VALUES (39, 1640039089142149277, '朱水玲', '13529231405', '四川', '', '', NULL, NULL, NULL, '四川四川省 成都市 青白江区 弥牟镇 民族花园1306号');
INSERT INTO `s_tao_order_address` VALUES (40, 1640069402434910729, '欧阳玲', '13617070575', '江西', '', '', NULL, NULL, NULL, '江西江西省 赣州市 安远县 欣山镇 青年路永俊诊所');
INSERT INTO `s_tao_order_address` VALUES (41, 2814908799866290421, '艳艳', '18823163061', '广东', '', '', NULL, NULL, NULL, '广东广东省 深圳市 龙华区 民治街道 书香门第中心大厦一楼雪瑞尔健康养发.放雪瑞尔本店');
INSERT INTO `s_tao_order_address` VALUES (42, 2806128469605311766, '小果', '18046646513', '江西', '', '', NULL, NULL, NULL, '江西江西省新余市渝水区 新钢街道 老西街21号');
INSERT INTO `s_tao_order_address` VALUES (43, 2814967981966512411, '周碧', '18570506623', '湖南', '', '', NULL, NULL, NULL, '湖南湖南省 岳阳市 君山区 柳林洲街道 君山大道88号岳阳家宁时尚酒店奶茶店一楼');
INSERT INTO `s_tao_order_address` VALUES (44, 2815872879709626454, '周东芳', '15996094551', '江苏', '', '', NULL, NULL, NULL, '江苏江苏省 泰州市 兴化市 垛田街道 星湖湾12号楼901室');
INSERT INTO `s_tao_order_address` VALUES (45, 2816024978330891142, '王思萍', '13376692493', '广东', '', '', NULL, NULL, NULL, '广东广东省 佛山市 禅城区 石湾镇街道 保利碧桂园天汇天旭公馆一座30号店菜鸟驿站');
INSERT INTO `s_tao_order_address` VALUES (46, 1641540792944799598, '寇兵', '17381189159', '四川', '', '', NULL, NULL, NULL, '四川四川省 绵阳市 游仙区 观太镇 绵阳市游仙区观太镇');
INSERT INTO `s_tao_order_address` VALUES (47, 2817362126131487212, '程梅', '15887036632', '四川', '', '', NULL, NULL, NULL, '四川四川省 宜宾市 筠连县 巡司镇 渡船口街千艺理发店三号');
INSERT INTO `s_tao_order_address` VALUES (48, 1642459225787395472, '陆红', '15896273421', '江苏', '', '', NULL, NULL, NULL, '江苏江苏省 南通市 海门区 海门市经济技术开发区 广州路1777号南通龙漉包装制品有限公司');
INSERT INTO `s_tao_order_address` VALUES (49, 1642473483353670599, '戴志兰', '17321293202', '上海', '', '', NULL, NULL, NULL, '上海上海 上海市 徐汇区 天平路街道 建国西路382号三楼4室 ');
INSERT INTO `s_tao_order_address` VALUES (50, 2821439630766120201, '马姐', '15208548633', '贵州', '', '', NULL, NULL, NULL, '贵州贵州省 黔南布依族苗族自治州 贵定县 金南街道 大都会：二单元1543');
INSERT INTO `s_tao_order_address` VALUES (51, 2821066273607033246, '韦海霞', '13540563891', '四川', '', '', NULL, NULL, NULL, '四川四川省 乐山市 犍为县 舞雩乡 玉泉村四组');
INSERT INTO `s_tao_order_address` VALUES (52, 2821131792906086156, '中中', '18902812490', '广东', '', '', NULL, NULL, NULL, '广东广东省 佛山市 南海区 大沥镇 黄岐名雅花园31座1701');
INSERT INTO `s_tao_order_address` VALUES (53, 1645143458981500079, '黄敬', '13979440086', '江西', '', '', NULL, NULL, NULL, '江西江西省 抚州市 南城县 建昌镇 江西省南城县新贸街191彩票店');
INSERT INTO `s_tao_order_address` VALUES (54, 1645147956136238382, '马女士', '18716087233', '河北', '', '', NULL, NULL, NULL, '河北河北省 唐山市 路北区 光明街道 唐山市路北区盛馨园底商秋酒吧');
INSERT INTO `s_tao_order_address` VALUES (55, 2824177932760871937, '秋燕', '15877274529', '广西', '', '', NULL, NULL, NULL, '广西广西壮族自治区 柳州市 柳南区 河西街道 柳工生活北区5栋');
INSERT INTO `s_tao_order_address` VALUES (56, 2824824564086115520, '梁锡惠', '13996070041', '重庆', '', '', NULL, NULL, NULL, '重庆重庆 重庆市 江津区 几江街道 江岸丽都D幢11一5');
INSERT INTO `s_tao_order_address` VALUES (57, 1646522582072053096, '环', '15816723935', '广东', '', '', NULL, NULL, NULL, '广东广东省 汕头市 金平区 东墩街道 汕头市金平区金墩园16栋北楼2梯704');
INSERT INTO `s_tao_order_address` VALUES (58, 2825385264263717249, '林萍', '17783416371', '福建', '', '', NULL, NULL, NULL, '福建福建省 泉州市 晋江市 晋江市经济开发区 欣荣路12号大三豪公司');
INSERT INTO `s_tao_order_address` VALUES (59, 2826557209416120201, '马姐', '15208548633', '贵州', '', '', NULL, NULL, NULL, '贵州贵州省 黔南布依族苗族自治州 贵定县 金南街道 大都会：二单元1543');
INSERT INTO `s_tao_order_address` VALUES (60, 1646030496778058766, '赵娜娜', '13938477971', '河南', '', '', NULL, NULL, NULL, '河南河南省 郑州市 新郑市 薛店镇 世纪大道新郑味驰食品有限公司');
INSERT INTO `s_tao_order_address` VALUES (61, 2826089316520532138, '王雪燕', '15066754161', '山东', '', '', NULL, NULL, NULL, '山东山东省 烟台市 牟平区 文化街道 工商大街665号春华商店代收');
INSERT INTO `s_tao_order_address` VALUES (62, 2828255115947158925, '汪小轩', '15873666433', '湖南', '', '', NULL, NULL, NULL, '湖南湖南省 常德市 武陵区 白马湖街道 人民路九重天花园黄老板商店收');
INSERT INTO `s_tao_order_address` VALUES (63, 1647209246565575386, '黄燕珍', '15220842175', '广东', '', '', NULL, NULL, NULL, '广东广东省 韶关市 武江区 惠民街道 武江北路388号凯旋华府A7幢501房');
INSERT INTO `s_tao_order_address` VALUES (64, 2827254996108810615, '罗培兰', '15108069447', '广东', '', '', NULL, NULL, NULL, '广东广东省 东莞市 常平镇 塘角六街55号');
INSERT INTO `s_tao_order_address` VALUES (65, 1647477879589747479, '任昌进', '15900834752', '上海', '', '', NULL, NULL, NULL, '上海上海 上海市 金山区 朱泾镇 西林街298号');
INSERT INTO `s_tao_order_address` VALUES (66, 2830086181549556227, '吴', '13350894872', '四川', '', '', NULL, NULL, NULL, '四川四川省 成都市 青羊区 苏坡街道 光华西三路30号');
INSERT INTO `s_tao_order_address` VALUES (67, 2833459166397538046, '李鑫', '19130060709', '四川', '', '', NULL, NULL, NULL, '四川四川省 泸州市 泸县 玄滩镇 通山村');
INSERT INTO `s_tao_order_address` VALUES (68, 1649326118935313381, '黄珍玉', '13799632002', '福建', '', '', NULL, NULL, NULL, '福建福建省 莆田市 涵江区 国欢镇 新坡村兴利科技园对面锐步鞋业');
INSERT INTO `s_tao_order_address` VALUES (69, 2833487605081053215, '姑苏刘亦菲', '18861190363', '江苏', '', '', NULL, NULL, NULL, '江苏江苏省 苏州市 姑苏区 双塔街道 姑苏区双塔街道钟楼新村西大门快递柜');
INSERT INTO `s_tao_order_address` VALUES (70, 2834586612989989214, '黄英', '13921670840', '江苏', '', '', NULL, NULL, NULL, '江苏江苏省 南通市 通州区 先锋街道 双盟村北工业园区100号俪铭纺织');
INSERT INTO `s_tao_order_address` VALUES (71, 2836651827420622606, '谭固生', '13502893647', '广东', '', '', NULL, NULL, NULL, '广东广东省 深圳市 宝安区 西乡街道 黄麻布南区二巷');
INSERT INTO `s_tao_order_address` VALUES (72, 2835997560685460338, '戴玉贵', '15674678962', '湖南', '', '', NULL, NULL, NULL, '湖南湖南省 永州市 冷水滩区 杨家桥街道 福善街 ');
INSERT INTO `s_tao_order_address` VALUES (73, 2839011483867148800, '桂仙', '18897790612', '广东', '', '', NULL, NULL, NULL, '广东广东省 江门市 蓬江区 荷塘镇 中兴二路六坊市场侧西盛坊51号汇四方蒸笼饭');
INSERT INTO `s_tao_order_address` VALUES (74, 2838936061398720816, '尹春歌', '18037871978', '河南', '', '', NULL, NULL, NULL, '河南河南省 郑州市 中原区 桐柏路街道 西十里铺路19-7创尔特');
INSERT INTO `s_tao_order_address` VALUES (75, 2840584645454757805, '叶四琼', '18312499316', '广西', '', '', NULL, NULL, NULL, '广西广西壮族自治区 钦州市 灵山县 武利镇 灵山县武利镇');
INSERT INTO `s_tao_order_address` VALUES (76, 1653154394408665996, '田泽庆', '13462218315', '河南', '', '', NULL, NULL, NULL, '河南河南省 新乡市 新乡县 小冀镇 民兴路yooz电子烟体验店');
INSERT INTO `s_tao_order_address` VALUES (77, 1654118401554519282, '岳友勤', '13698390281', '四川', '', '', NULL, NULL, NULL, '四川四川省 乐山市 峨眉山市 绥山镇 光福路46号院3栋3单元302室 ');
INSERT INTO `s_tao_order_address` VALUES (78, 2855773766822325815, '程飞', '18137956726', '广东', '', '', NULL, NULL, NULL, '广东广东省 深圳市 龙华区 大浪街道 华霆路36号美律店菜鸟驿站');
INSERT INTO `s_tao_order_address` VALUES (79, 2863795574656667447, '黄君妹', '18797630200', '湖南省', '长沙市', '长沙县', NULL, NULL, NULL, '湖南省 长沙市 长沙县 泉塘街道中国铁建国际城2期23栋2单元1007(000000)');
INSERT INTO `s_tao_order_address` VALUES (80, 2873372763545381646, '胡秀梅', '13575198925', '湖南省', '常德市', '临澧县', NULL, NULL, NULL, '湖南省 常德市 临澧县 安福镇八方楼巷40号(000000)');
INSERT INTO `s_tao_order_address` VALUES (81, 1664188610043377195, '甄国彦', '13437349578', '广东省', '江门市', '台山市', NULL, NULL, NULL, '广东省 江门市 台山市 台城街道台冲路加油站侧亿华厂门卫(000000)');
INSERT INTO `s_tao_order_address` VALUES (82, 2872120393981932527, '丫丫', '18800328719', '四川省', '成都市', '双流区', NULL, NULL, NULL, '四川省 成都市 双流区 中和街道朝阳路425号盛世嘉苑277号35栋2单元703 我就在家(000000)');
INSERT INTO `s_tao_order_address` VALUES (83, 2871656887230113338, '李同学', '15622164649', '广东省', '广州市', '越秀区', NULL, NULL, NULL, '广东省 广州市 越秀区 珠光街道越秀南路145号后座703房(000000)');
INSERT INTO `s_tao_order_address` VALUES (84, 2871618367375154549, '李同学', '15622164649', '广东省', '广州市', '越秀区', NULL, NULL, NULL, '广东省 广州市 越秀区 珠光街道越秀南路145号后座703 房(000000)');
INSERT INTO `s_tao_order_address` VALUES (85, 1664990796806753993, '阿二', '18787958519', '云南省', '西双版纳傣族自治州', '景洪市', NULL, NULL, NULL, '云南省 西双版纳傣族自治州 景洪市 允景洪街道嘎兰中路11号妈妈驿站(666100)');
INSERT INTO `s_tao_order_address` VALUES (86, 1666956540494199587, '静静', '18677633925', '广东省', '佛山市', '禅城区', NULL, NULL, NULL, '广东省 佛山市 禅城区 张槎街道莲大北路28号富莱商务酒店(000000)');
INSERT INTO `s_tao_order_address` VALUES (87, 2882180559719256611, '椰挞', '13790037017', '广东省', '佛山市', '南海区', NULL, NULL, NULL, '广东省 佛山市 南海区 桂城街道佛平四路16号海伦堡海汇广场3座(000000)');
INSERT INTO `s_tao_order_address` VALUES (88, 1668790597296915884, '赵娜', '15235737682', '山东省', '青岛市', '市南区', NULL, NULL, NULL, '山东省 青岛市 市南区  香港中路街道   宁夏路308号青岛大学浮山校区西院');
INSERT INTO `s_tao_order_address` VALUES (89, 2894222592323299060, '肖肖', '16620870394', '广东省', '深圳市', '龙华区', NULL, NULL, NULL, '广东省 深圳市 龙华区 龙华街道地址:广东省深圳市大浪街道龙园二区99栋\\n1(000000)');
INSERT INTO `s_tao_order_address` VALUES (90, 2900221419737927908, '小晓', '15912115297', '浙江省', '温州市', '瓯海区', NULL, NULL, NULL, '浙江省 温州市 瓯海区 南白象街道万邦中心周天遇见二楼(000000)');
INSERT INTO `s_tao_order_address` VALUES (91, 2899913437459231759, '王雪花', '13161414841-4953', '甘肃省', '武威市', '凉州区', NULL, NULL, NULL, '甘肃省 武威市 凉州区 金羊镇甘肃省武威市凉州区碧水兰庭南门(733000)');
INSERT INTO `s_tao_order_address` VALUES (92, 1681236338785922394, '雨点儿', '17634726886', '湖北省', '襄阳市', '襄城区', NULL, NULL, NULL, '湖北省 襄阳市 襄城区 隆中街道致远路湖北文理学院南区(000000)');
INSERT INTO `s_tao_order_address` VALUES (93, 1683558230877541495, '懿懿', '18746691919', '黑龙江省', '哈尔滨市', '香坊区', NULL, NULL, NULL, '黑龙江省 哈尔滨市 香坊区 进乡街道华润中央公园6栋3单元1102(000000)');
INSERT INTO `s_tao_order_address` VALUES (94, 2923690718502279654, '江华', '15728158676', '广东省', '惠州市', '惠城区', NULL, NULL, NULL, '广东省 惠州市 惠城区 河南岸街道湖山村兔喜快递代理点(000000)');
INSERT INTO `s_tao_order_address` VALUES (95, 2927935514314953754, '刘彩凤', '15142300630', '辽宁省', '大连市', '瓦房店市', NULL, NULL, NULL, '辽宁省 大连市 瓦房店市 长兴岛街道大连长兴岛三堂理想家园景翠路159-1号半颗柠檬2楼禾沐美甲(000000)');
INSERT INTO `s_tao_order_address` VALUES (96, 2934328755836161104, '劉沛昕', '13316802674', '广东省', '深圳市', '宝安区', NULL, NULL, NULL, '广东省 深圳市 宝安区 福海街道建安路18号中创汇科技创新园1栋1楼（超峰国际）@TCAJXWI3#R1LEA2U8VHKAL#(000000)');
INSERT INTO `s_tao_order_address` VALUES (97, 1707397970934272173, '小迪', '18400302723-1900', '云南省', '昆明市', '官渡区', NULL, NULL, NULL, '云南省 昆明市 官渡区 小板桥街道晓东村(000000)');
INSERT INTO `s_tao_order_address` VALUES (98, 1719046705687156592, '高媛媛', '18416725085-9422', '山东省', '济南市', '章丘区', NULL, NULL, NULL, '山东省 济南市 章丘区 埠村街道经十东路8678号山东传媒职业学院(000000)');
INSERT INTO `s_tao_order_address` VALUES (99, 2989950941864043634, '吴RR', '13696948060', '福建省', '厦门市', '思明区', NULL, NULL, NULL, '福建省 厦门市 思明区 中华街道镇海路64号之一公安局出入境管理处大楼（不要放驿站！不要放驿站！不要放鸟箱！不要放鸟箱！）放车库保安谢谢！(361001)');
INSERT INTO `s_tao_order_address` VALUES (100, 2996431995920305209, '张依依', '13913538217', '江苏省', '苏州市', '吴江区', NULL, NULL, NULL, '江苏省 苏州市 吴江区 震泽镇新富路6号  你别走公寓6008(000000)');
INSERT INTO `s_tao_order_address` VALUES (101, 3007753525735252502, '关素琼', '13528347072', '广东省', '江门市', '开平市', NULL, NULL, NULL, '广东省 江门市 开平市 长沙街道人民西路12号4幢203房(529300)');
INSERT INTO `s_tao_order_address` VALUES (102, 1727577552380645780, '索远芹', '13815380556', '江苏省', '徐州市', '邳州市', NULL, NULL, NULL, '江苏省 徐州市 邳州市 运河街道青年东路太平洋购物中心对过泰戈宠物店旁边二楼(000000)');
INSERT INTO `s_tao_order_address` VALUES (103, 1732019991903645780, '索远芹', '13815380556', '江苏省', '徐州市', '邳州市', NULL, NULL, NULL, '江苏省 徐州市 邳州市 运河街道青年东路太平洋购物中心对过泰戈宠物店旁边二楼(000000)');
INSERT INTO `s_tao_order_address` VALUES (104, 3020629500584706539, '黄雅雅', '13159007738', '福建省', '泉州市', '晋江市', NULL, NULL, NULL, '福建省 泉州市 晋江市 梅岭街道泉安中路与松苑路交叉口东北60米 赤西社区鸿盛兴文具(000000)');
INSERT INTO `s_tao_order_address` VALUES (105, 1747680279246507087, '王菲', '14795808638-2094', '湖北省', '恩施土家族苗族自治州', '恩施市', NULL, NULL, NULL, '湖北省 恩施土家族苗族自治州 恩施市 舞阳坝街道恩施市黄泥坝施州富苑五号楼一单元1702(000000)');
INSERT INTO `s_tao_order_address` VALUES (106, 3068371695265649519, '密小姐', '13527091195', '广东省', '肇庆市', '德庆县', NULL, NULL, NULL, '广东省 肇庆市 德庆县 武垄镇德庆县武垄镇(526600)');
INSERT INTO `s_tao_order_address` VALUES (107, 3176359130095573624, '夏小琴', '13862712839', '江苏省', '南通市', '海安市', NULL, NULL, NULL, '江苏省 南通市 海安市 胡集街道胡青北路19号菜鸟驿站(000000)');
INSERT INTO `s_tao_order_address` VALUES (108, 3199194974134669907, '王林梅', '18466132863-8484', '重庆', '重庆市', '丰都县', NULL, NULL, NULL, '重庆 重庆市 丰都县 名山街道名山镇森林派出所(000000)');
INSERT INTO `s_tao_order_address` VALUES (109, 3198002834286896419, 'ltb1900650', '19035940650', '山西省', '运城市', '稷山县', NULL, NULL, NULL, '山西省 运城市 稷山县 稷峰镇华锦小区ltb1900650(000000)');
INSERT INTO `s_tao_order_address` VALUES (110, 3200980287903658205, '杨群芝', '13250898104-9656', '四川省', '宜宾市', '兴文县', NULL, NULL, NULL, '四川省 宜宾市 兴文县 麒麟苗族乡三官店韵达快递(000000)');
INSERT INTO `s_tao_order_address` VALUES (111, 3202795730989743130, '玥儿', '13902358118', '广东省', '清远市', '清城区', NULL, NULL, NULL, '广东省 清远市 清城区 洲心街道北江三路49号 创富·御水湾(00000)');
INSERT INTO `s_tao_order_address` VALUES (112, 3203383969440472843, '陈素容', '13550800673', '四川省', '绵阳市', '江油市', NULL, NULL, NULL, '四川省 绵阳市 江油市 中坝街道中坝镇 川信小区A幢5单元(621700)');
INSERT INTO `s_tao_order_address` VALUES (113, 3207092509128923220, '高玉影', '15630998596', '河北省', '邢台市', '襄都区', NULL, NULL, NULL, '河北省 邢台市 襄都区 南长街街道泉南东大街89号丁记(054001)');
INSERT INTO `s_tao_order_address` VALUES (114, 3212109471054044857, '顾建勇', '15557074702-4247', '浙江省', '宁波市', '鄞州区', NULL, NULL, NULL, '浙江省 宁波市 鄞州区 东钱湖镇下王村桥下87号(000000)');
INSERT INTO `s_tao_order_address` VALUES (115, 3214812817200681765, '胡敏', '18466137013-4164', '四川省', '宜宾市', '叙州区', NULL, NULL, NULL, '四川省 宜宾市 叙州区 龙池乡龙池卫生院(000000)');
INSERT INTO `s_tao_order_address` VALUES (116, 3217043487978326218, '林雅', '13123136624-3782', '福建省', '泉州市', '安溪县', NULL, NULL, NULL, '福建省 泉州市 安溪县 凤城镇河滨北路247号(000000)');
INSERT INTO `s_tao_order_address` VALUES (117, 3238963057148759844, '周静', '17822627951-4875', '四川省', '内江市', '东兴区', NULL, NULL, NULL, '四川省 内江市 东兴区 东兴街道中兴路1104号上海花园2幢30－2(000000)');
INSERT INTO `s_tao_order_address` VALUES (118, 3237115646950643410, '#', '18400656752-3383', '北京', '北京市', '丰台区', NULL, NULL, NULL, '北京 北京市 丰台区 卢沟桥乡万丰路312号金悦缘ktv旁边的丰巢e栈柜里(000000)');
INSERT INTO `s_tao_order_address` VALUES (119, 3236924701745643410, '#', '18400656752-3383', '北京', '北京市', '丰台区', NULL, NULL, NULL, '北京 北京市 丰台区 卢沟桥乡万丰路312号金悦缘ktv旁边的丰巢e栈柜里(000000)');

-- ----------------------------
-- Table structure for s_tao_order_item
-- ----------------------------
DROP TABLE IF EXISTS `s_tao_order_item`;
CREATE TABLE `s_tao_order_item`  (
  `id` bigint(0) NOT NULL AUTO_INCREMENT,
  `orderId` bigint(0) NOT NULL COMMENT '订单id',
  `subItemId` bigint(0) NOT NULL COMMENT '天猫子订单id',
  `itemAmount` decimal(10, 2) DEFAULT NULL COMMENT '明细总金额',
  `discount_fee` decimal(10, 2) DEFAULT NULL COMMENT '优惠金额',
  `adjust_fee` decimal(10, 2) DEFAULT NULL COMMENT '手工调整金额',
  `goodsTitle` varchar(50) CHARACTER SET utf8mb3 COLLATE utf8mb3_general_ci DEFAULT NULL COMMENT '商品标题',
  `goodsNumber` varchar(30) CHARACTER SET utf8mb3 COLLATE utf8mb3_general_ci DEFAULT NULL COMMENT '商品货号，对应系统商品编码',
  `productImgUrl` varchar(100) CHARACTER SET utf8mb3 COLLATE utf8mb3_general_ci DEFAULT NULL COMMENT '商品主图',
  `productUrl` varchar(100) CHARACTER SET utf8mb3 COLLATE utf8mb3_general_ci DEFAULT NULL COMMENT '商品链接',
  `productId` bigint(0) DEFAULT NULL COMMENT '天猫的商品Id',
  `skuId` bigint(0) DEFAULT NULL COMMENT '天猫的SKUID',
  `specNumber` varchar(30) CHARACTER SET utf8mb3 COLLATE utf8mb3_general_ci DEFAULT NULL COMMENT '单品货号，对应系统sku编码',
  `skuInfo` varchar(100) CHARACTER SET utf8mb3 COLLATE utf8mb3_general_ci DEFAULT NULL COMMENT 'SKU字符串',
  `price` decimal(10, 2) DEFAULT NULL COMMENT '实际单价',
  `quantity` decimal(4, 0) DEFAULT NULL COMMENT '数量',
  `status` varchar(30) CHARACTER SET utf8mb3 COLLATE utf8mb3_general_ci DEFAULT NULL COMMENT '子订单状态',
  `statusStr` varchar(30) CHARACTER SET utf8mb3 COLLATE utf8mb3_general_ci DEFAULT NULL COMMENT '子订单状态',
  `refundStatus` int(0) NOT NULL DEFAULT 0 COMMENT '退款状态0无售后1售后中',
  `refundStatusStr` varchar(200) CHARACTER SET utf8mb3 COLLATE utf8mb3_general_ci DEFAULT 'NO_REFUND' COMMENT '退款状态',
  `refundAmount` decimal(4, 0) DEFAULT NULL COMMENT '退款金额',
  `refundId` bigint(0) DEFAULT NULL COMMENT '退款单id',
  `logisticsStatus` int(0) DEFAULT NULL COMMENT '1 未发货 2 已发货 3 已收货 4 已经退货 5 部分发货 8 还未创建物流订单',
  `new_spec_id` int(0) NOT NULL DEFAULT 0 COMMENT '确认订单最新规格id',
  `new_spec_number` varchar(25) CHARACTER SET utf8mb3 COLLATE utf8mb3_general_ci DEFAULT NULL COMMENT '确认订单最新规格编码',
  `after_sale_state` int(0) DEFAULT 0 COMMENT '售后状态0未申请售后1售后申请中(退款待审核)2同意退货(退款待收货)3买家已发货，待收货(待收货)4已收货（待退款）5退款退货成功(退款完成)6退款拒绝7已确认收货，正在退款中 8退款取消',
  `erpGoodsId` int(0) NOT NULL DEFAULT 0 COMMENT 'erp系统商品id',
  `erpGoodsSpecId` int(0) NOT NULL DEFAULT 0 COMMENT 'erp系统商品规格id',
  `remark` varchar(500) CHARACTER SET utf8mb3 COLLATE utf8mb3_general_ci DEFAULT NULL,
  `isGift` tinyint(1) NOT NULL DEFAULT 0 COMMENT '是否礼品0否1是',
  `isSwap` tinyint(1) NOT NULL DEFAULT 0 COMMENT '是否换货(0:否1:是)',
  PRIMARY KEY (`id`) USING BTREE
) ENGINE = InnoDB AUTO_INCREMENT = 123 CHARACTER SET = utf8mb3 COLLATE = utf8mb3_general_ci ROW_FORMAT = Dynamic;

-- ----------------------------
-- Records of s_tao_order_item
-- ----------------------------
INSERT INTO `s_tao_order_item` VALUES (3, 2788451498824204701, 2788451498824204701, 34.40, NULL, NULL, '8026牛仔短裤', '272021008026', 'https://cbu01.alicdn.com/img/ibank/O1CN01eJxjQM2FOyB3IsiuU_!!2208857268871-0-cib.jpg', NULL, 0, 0, '2720210080260005', '白色,2XL', 34.40, 1, NULL, NULL, 1, 'REFUNDING', 34, 174018204093200147, NULL, 0, NULL, 0, 9, 27, NULL, 0, 0);
INSERT INTO `s_tao_order_item` VALUES (4, 2788451498824204701, 2788451498824204701, 34.40, NULL, NULL, '8026牛仔短裤', '272021008026', 'https://cbu01.alicdn.com/img/ibank/O1CN016mr0RO2FOyB3ItCEP_!!2208857268871-0-cib.jpg', NULL, 0, 0, '2720210080260205', '深蓝色,2XL', 34.40, 1, NULL, NULL, 1, 'REFUNDING', 34, 174008953672200147, NULL, 0, NULL, 0, 9, 37, NULL, 0, 0);
INSERT INTO `s_tao_order_item` VALUES (5, 1631273557325601885, 1631273557325601885, 28.90, NULL, NULL, '8026牛仔短裤', '272021008026', 'https://cbu01.alicdn.com/img/ibank/O1CN01AfNgvA2FOyAvwXZxv_!!2208857268871-0-cib.jpg', NULL, 0, 0, '2720210080260105', '黑色,2XL', 28.90, 1, NULL, NULL, 0, 'REFUNDING', 0, 0, NULL, 0, NULL, 0, 9, 32, NULL, 0, 0);
INSERT INTO `s_tao_order_item` VALUES (6, 2791618416440640000, 2791618416440640000, 28.90, NULL, NULL, '8026牛仔短裤', '272021008026', 'https://cbu01.alicdn.com/img/ibank/O1CN016mr0RO2FOyB3ItCEP_!!2208857268871-0-cib.jpg', NULL, 0, 0, '2720210080260202', '深蓝色,M', 28.90, 1, NULL, NULL, 1, 'REFUNDING', 29, 174760311645640000, NULL, 0, NULL, 0, 9, 34, NULL, 0, 0);
INSERT INTO `s_tao_order_item` VALUES (7, 2791875816618556115, 2791875816618556115, 28.90, NULL, NULL, '8026牛仔短裤', '272021008026', 'https://cbu01.alicdn.com/img/ibank/O1CN01PHFmsX2FOyB14fPie_!!2208857268871-0-cib.jpg', NULL, 0, 0, '2720210080260302', '浅蓝色,M', 28.90, 1, NULL, NULL, 0, 'REFUNDING', 0, 0, NULL, 0, NULL, 0, 9, 39, NULL, 0, 0);
INSERT INTO `s_tao_order_item` VALUES (8, 2794387284993651835, 2794387284993651835, 28.90, NULL, NULL, '8026牛仔短裤', '272021008026', 'https://cbu01.alicdn.com/img/ibank/O1CN01eJxjQM2FOyB3IsiuU_!!2208857268871-0-cib.jpg', NULL, 0, 0, '2720210080260004', '白色,XL', 28.90, 1, NULL, NULL, 0, 'NO_REFUND', NULL, NULL, NULL, 0, NULL, 0, 9, 26, NULL, 0, 0);
INSERT INTO `s_tao_order_item` VALUES (9, 2794909754785461846, 2794909754785461846, 43.90, NULL, NULL, '858牛仔短裤', '2720220858', 'http://img.huayikeji.com/iy5dedjmji0e10ju6plgpwgj9er04vsz', NULL, 0, 0, '27202208580103', '黑色,L', 43.90, 1, NULL, NULL, 0, 'NO_REFUND', NULL, NULL, NULL, 0, NULL, 0, 10, 45, NULL, 0, 0);
INSERT INTO `s_tao_order_item` VALUES (10, 2798109939719431759, 2798109939719431759, 29.92, NULL, NULL, '8026牛仔短裤', '272021008026', 'https://cbu01.alicdn.com/img/ibank/O1CN01PHFmsX2FOyB14fPie_!!2208857268871-0-cib.jpg', NULL, 0, 0, '2720210080260301', '浅蓝色,S', 29.92, 1, NULL, NULL, 1, 'REFUNDING', 30, 174530628624435917, NULL, 0, NULL, 0, 9, 38, NULL, 0, 0);
INSERT INTO `s_tao_order_item` VALUES (11, 2797896566867104830, 2797896566867104830, 39.52, NULL, NULL, '858牛仔短裤', '2720220858', 'http://img.huayikeji.com/iy5dedjmji0e10ju6plgpwgj9er04vsz', NULL, 0, 0, '27202208580103', '黑色,L', 39.52, 1, NULL, NULL, 0, 'NO_REFUND', NULL, NULL, NULL, 0, NULL, 0, 10, 45, NULL, 0, 0);
INSERT INTO `s_tao_order_item` VALUES (12, 2799354781289326116, 2799354781289326116, 39.52, NULL, NULL, '858牛仔短裤', '2720220858', 'http://img.huayikeji.com/6z7p3rdtdb85704lz4nrgm259w1sv7qf', NULL, 0, 0, '27202208580201', '黑灰色,S', 39.52, 1, NULL, NULL, 0, 'NO_REFUND', NULL, NULL, NULL, 0, NULL, 0, 10, 48, NULL, 0, 0);
INSERT INTO `s_tao_order_item` VALUES (13, 2800981981958381045, 2800981981958381045, 35.92, NULL, NULL, '858牛仔短裤', '2720220858', 'http://img.huayikeji.com/iy5dedjmji0e10ju6plgpwgj9er04vsz', NULL, 0, 0, '27202208580105', '黑色,2XL', 35.92, 1, NULL, NULL, 0, 'NO_REFUND', NULL, NULL, NULL, 0, NULL, 0, 10, 47, NULL, 0, 0);
INSERT INTO `s_tao_order_item` VALUES (14, 1635222253871665598, 1635222253871665598, 29.92, NULL, NULL, '8026牛仔短裤', '272021008026', 'https://cbu01.alicdn.com/img/ibank/O1CN01PHFmsX2FOyB14fPie_!!2208857268871-0-cib.jpg', NULL, 0, 0, '2720210080260303', '浅蓝色,L', 29.92, 1, NULL, NULL, 1, 'REFUNDING', 30, 105324169380669855, NULL, 0, NULL, 0, 9, 40, NULL, 0, 0);
INSERT INTO `s_tao_order_item` VALUES (15, 2801304685533500951, 2801304685533500951, 29.94, NULL, NULL, '270牛仔短裤', '2720220207', 'http://img.huayikeji.com/0wx2dy9e6yhrd2vy1y7lrr4e0bd1vvh3', NULL, 0, 0, '27202202070101', '黑色,S', 29.94, 1, NULL, NULL, 0, 'NO_REFUND', NULL, NULL, NULL, 0, NULL, 0, 12, 83, NULL, 0, 0);
INSERT INTO `s_tao_order_item` VALUES (16, 2801304685533500951, 2801304685533500951, 39.52, NULL, NULL, '858牛仔短裤', '2720220858', 'http://img.huayikeji.com/owqk4691mjiqif46s38sikzxdp3zkrn9', NULL, 0, 0, '27202208580302', '浅蓝色,M', 39.52, 1, NULL, NULL, 0, 'NO_REFUND', NULL, NULL, NULL, 0, NULL, 0, 10, 54, NULL, 0, 0);
INSERT INTO `s_tao_order_item` VALUES (17, 2802425367037543128, 2802425367037543128, 39.52, NULL, NULL, '858牛仔短裤', '2720220858', 'http://img.huayikeji.com/iy5dedjmji0e10ju6plgpwgj9er04vsz', NULL, 0, 0, '27202208580104', '黑色,XL', 39.52, 1, NULL, NULL, 0, 'NO_REFUND', NULL, NULL, NULL, 0, NULL, 0, 10, 46, NULL, 0, 0);
INSERT INTO `s_tao_order_item` VALUES (18, 2800972080243121364, 2800972080243121364, 29.92, NULL, NULL, '8026牛仔短裤', '272021008026', 'https://cbu01.alicdn.com/img/ibank/O1CN01PHFmsX2FOyB14fPie_!!2208857268871-0-cib.jpg', NULL, 0, 0, '2720210080260302', '浅蓝色,M', 29.92, 1, NULL, NULL, 1, 'REFUNDING', 30, 175552813527126413, NULL, 0, NULL, 0, 9, 39, NULL, 0, 0);
INSERT INTO `s_tao_order_item` VALUES (19, 1634650644223535380, 1634650644223535380, 39.52, NULL, NULL, '858牛仔短裤', '2720220858', 'http://img.huayikeji.com/iy5dedjmji0e10ju6plgpwgj9er04vsz', NULL, 0, 0, '27202208580104', '黑色,XL', 39.52, 1, NULL, NULL, 0, 'NO_REFUND', NULL, NULL, NULL, 0, NULL, 0, 10, 46, NULL, 0, 0);
INSERT INTO `s_tao_order_item` VALUES (20, 2803069443945496644, 2803069443945496644, 39.52, NULL, NULL, '858牛仔短裤', '2720220858', 'http://img.huayikeji.com/6z7p3rdtdb85704lz4nrgm259w1sv7qf', NULL, 0, 0, '27202208580204', '黑灰色,XL', 39.52, 1, NULL, NULL, 1, 'REFUNDING', 40, 175092482372494466, NULL, 0, NULL, 0, 10, 51, NULL, 0, 0);
INSERT INTO `s_tao_order_item` VALUES (21, 2802458485756587847, 2802458485756587847, 39.52, NULL, NULL, '858牛仔短裤', '2720220858', 'http://img.huayikeji.com/iy5dedjmji0e10ju6plgpwgj9er04vsz', NULL, 0, 0, '27202208580103', '黑色,L', 39.52, 1, NULL, NULL, 0, 'NO_REFUND', NULL, NULL, NULL, 0, NULL, 0, 10, 45, NULL, 0, 0);
INSERT INTO `s_tao_order_item` VALUES (22, 2803541439021384333, 2803541439021384333, 29.92, NULL, NULL, '8026牛仔短裤', '272021008026', 'https://cbu01.alicdn.com/img/ibank/O1CN016mr0RO2FOyB3ItCEP_!!2208857268871-0-cib.jpg', NULL, 0, 0, '2720210080260203', '深蓝色,L', 29.92, 1, NULL, NULL, 0, 'NO_REFUND', NULL, NULL, NULL, 0, NULL, 0, 9, 35, NULL, 0, 0);
INSERT INTO `s_tao_order_item` VALUES (23, 2803379438025412245, 2803379438025412245, 29.92, NULL, NULL, '8026牛仔短裤', '272021008026', 'https://cbu01.alicdn.com/img/ibank/O1CN01PHFmsX2FOyB14fPie_!!2208857268871-0-cib.jpg', NULL, 0, 0, '2720210080260302', '浅蓝色,M', 29.92, 1, NULL, NULL, 0, 'NO_REFUND', NULL, NULL, NULL, 0, NULL, 0, 9, 39, NULL, 0, 0);
INSERT INTO `s_tao_order_item` VALUES (24, 2803060765578343137, 2803060765578343137, 29.92, NULL, NULL, '8026牛仔短裤', '272021008026', 'https://cbu01.alicdn.com/img/ibank/O1CN01AfNgvA2FOyAvwXZxv_!!2208857268871-0-cib.jpg', NULL, 0, 0, '2720210080260103', '黑色,L', 29.92, 1, NULL, NULL, 0, 'NO_REFUND', NULL, NULL, NULL, 0, NULL, 0, 9, 30, NULL, 0, 0);
INSERT INTO `s_tao_order_item` VALUES (25, 1635963673656309898, 1635963673656309898, 39.52, NULL, NULL, '858牛仔短裤', '2720220858', 'http://img.huayikeji.com/owqk4691mjiqif46s38sikzxdp3zkrn9', NULL, 0, 0, '27202208580302', '浅蓝色,M', 39.52, 1, NULL, NULL, 0, 'NO_REFUND', NULL, NULL, NULL, 0, NULL, 0, 10, 54, NULL, 0, 0);
INSERT INTO `s_tao_order_item` VALUES (26, 2803676041615853522, 2803676041615853522, 29.92, NULL, NULL, '8026牛仔短裤', '272021008026', 'https://cbu01.alicdn.com/img/ibank/O1CN01AfNgvA2FOyAvwXZxv_!!2208857268871-0-cib.jpg', NULL, 0, 0, '2720210080260102', '黑色,M', 29.92, 1, NULL, NULL, 0, 'NO_REFUND', NULL, NULL, NULL, 0, NULL, 0, 9, 29, NULL, 0, 0);
INSERT INTO `s_tao_order_item` VALUES (27, 2803823065336497560, 2803823065336497560, 29.92, NULL, NULL, '8026牛仔短裤', '272021008026', 'https://cbu01.alicdn.com/img/ibank/O1CN016mr0RO2FOyB3ItCEP_!!2208857268871-0-cib.jpg', NULL, 0, 0, '2720210080260205', '深蓝色,2XL', 29.92, 1, NULL, NULL, 1, 'REFUNDING', 30, 175461194594496075, NULL, 0, NULL, 0, 9, 37, NULL, 0, 0);
INSERT INTO `s_tao_order_item` VALUES (28, 2804237174661134517, 2804237174661134517, 39.52, NULL, NULL, '858牛仔短裤', '2720220858', 'http://img.huayikeji.com/iy5dedjmji0e10ju6plgpwgj9er04vsz', NULL, 0, 0, '27202208580103', '黑色,L', 39.52, 1, NULL, NULL, 1, 'REFUNDING', 40, 175059146148131745, NULL, 0, NULL, 0, 10, 45, NULL, 0, 0);
INSERT INTO `s_tao_order_item` VALUES (29, 2806463700630730938, 2806463700630730938, 29.92, NULL, NULL, '8026牛仔短裤', '272021008026', 'https://cbu01.alicdn.com/img/ibank/O1CN01eJxjQM2FOyB3IsiuU_!!2208857268871-0-cib.jpg', NULL, 0, 0, '2720210080260003', '白色,L', 29.92, 1, NULL, NULL, 0, 'NO_REFUND', NULL, NULL, NULL, 0, NULL, 0, 9, 25, NULL, 0, 0);
INSERT INTO `s_tao_order_item` VALUES (30, 2807896683249463307, 2807896683249463307, 29.92, NULL, NULL, '8026牛仔短裤', '272021008026', 'https://cbu01.alicdn.com/img/ibank/O1CN01eJxjQM2FOyB3IsiuU_!!2208857268871-0-cib.jpg', NULL, 0, 0, '2720210080260003', '白色,L', 29.92, 1, NULL, NULL, 0, 'NO_REFUND', NULL, NULL, NULL, 0, NULL, 0, 9, 25, NULL, 0, 0);
INSERT INTO `s_tao_order_item` VALUES (31, 2807235686784026944, 2807235686784026944, 39.52, NULL, NULL, '858牛仔短裤', '2720220858', 'http://img.huayikeji.com/iy5dedjmji0e10ju6plgpwgj9er04vsz', NULL, 0, 0, '27202208580103', '黑色,L', 39.52, 1, NULL, NULL, 0, 'NO_REFUND', NULL, NULL, NULL, 0, NULL, 0, 10, 45, NULL, 0, 0);
INSERT INTO `s_tao_order_item` VALUES (32, 2810277795520609508, 2810277795520609508, 29.92, NULL, NULL, '8026牛仔短裤', '272021008026', 'https://cbu01.alicdn.com/img/ibank/O1CN01PHFmsX2FOyB14fPie_!!2208857268871-0-cib.jpg', NULL, 0, 0, '2720210080260304', '浅蓝色,XL', 29.92, 1, NULL, NULL, 0, 'NO_REFUND', NULL, NULL, NULL, 0, NULL, 0, 9, 41, NULL, 0, 0);
INSERT INTO `s_tao_order_item` VALUES (33, 2810157841775119046, 2810157841775119046, 29.92, NULL, NULL, '8026牛仔短裤', '272021008026', 'https://cbu01.alicdn.com/img/ibank/O1CN016mr0RO2FOyB3ItCEP_!!2208857268871-0-cib.jpg', NULL, 0, 0, '2720210080260204', '深蓝色,XL', 29.92, 1, NULL, NULL, 0, 'NO_REFUND', NULL, NULL, NULL, 0, NULL, 0, 9, 36, NULL, 0, 0);
INSERT INTO `s_tao_order_item` VALUES (34, 2809380888296826747, 2809380888296826747, 29.92, NULL, NULL, '8026牛仔短裤', '272021008026', 'https://cbu01.alicdn.com/img/ibank/O1CN016mr0RO2FOyB3ItCEP_!!2208857268871-0-cib.jpg', NULL, 0, 0, '2720210080260204', '深蓝色,XL', 29.92, 1, NULL, NULL, 1, 'REFUNDING', 30, 105655441623824767, NULL, 0, NULL, 0, 9, 36, NULL, 0, 0);
INSERT INTO `s_tao_order_item` VALUES (35, 1638101679063535380, 1638101679063535380, 39.52, NULL, NULL, '858牛仔短裤', '2720220858', 'http://img.huayikeji.com/owqk4691mjiqif46s38sikzxdp3zkrn9', NULL, 0, 0, '27202208580303', '浅蓝色,L', 39.52, 1, NULL, NULL, 0, 'NO_REFUND', NULL, NULL, NULL, 0, NULL, 0, 10, 55, NULL, 0, 0);
INSERT INTO `s_tao_order_item` VALUES (36, 2811933036666454704, 2811933036666454704, 29.92, NULL, NULL, '8026牛仔短裤', '272021008026', 'https://cbu01.alicdn.com/img/ibank/O1CN016mr0RO2FOyB3ItCEP_!!2208857268871-0-cib.jpg', NULL, 0, 0, '2720210080260203', '深蓝色,L', 29.92, 1, NULL, NULL, 0, 'NO_REFUND', NULL, NULL, NULL, 0, NULL, 0, 9, 35, NULL, 0, 0);
INSERT INTO `s_tao_order_item` VALUES (37, 1638388920088435398, 1638388920088435398, 29.92, NULL, NULL, '8026牛仔短裤', '272021008026', 'https://cbu01.alicdn.com/img/ibank/O1CN01eJxjQM2FOyB3IsiuU_!!2208857268871-0-cib.jpg', NULL, 0, 0, '2720210080260003', '白色,L', 29.92, 1, NULL, NULL, 0, 'NO_REFUND', NULL, NULL, NULL, 0, NULL, 0, 9, 25, NULL, 0, 0);
INSERT INTO `s_tao_order_item` VALUES (38, 1639678765959282960, 1639678765959282960, 29.92, NULL, NULL, '8026牛仔短裤', '272021008026', 'https://cbu01.alicdn.com/img/ibank/O1CN01PHFmsX2FOyB14fPie_!!2208857268871-0-cib.jpg', NULL, 0, 0, '2720210080260303', '浅蓝色,L', 29.92, 1, NULL, NULL, 1, 'REFUNDING', 30, 175555874222286029, NULL, 0, NULL, 0, 9, 40, NULL, 0, 0);
INSERT INTO `s_tao_order_item` VALUES (39, 1639000560200588828, 1639000560200588828, 29.92, NULL, NULL, '8026牛仔短裤', '272021008026', 'https://cbu01.alicdn.com/img/ibank/O1CN01AfNgvA2FOyAvwXZxv_!!2208857268871-0-cib.jpg', NULL, 0, 0, '2720210080260104', '黑色,XL', 29.92, 1, NULL, NULL, 0, 'NO_REFUND', NULL, NULL, NULL, 0, NULL, 0, 9, 31, NULL, 0, 0);
INSERT INTO `s_tao_order_item` VALUES (40, 1640039089142149277, 1640039089142149277, 29.92, NULL, NULL, '8026牛仔短裤', '272021008026', 'https://cbu01.alicdn.com/img/ibank/O1CN016mr0RO2FOyB3ItCEP_!!2208857268871-0-cib.jpg', NULL, 0, 0, '2720210080260205', '深蓝色,2XL', 29.92, 1, NULL, NULL, 0, 'NO_REFUND', NULL, NULL, NULL, 0, NULL, 0, 9, 37, NULL, 0, 0);
INSERT INTO `s_tao_order_item` VALUES (41, 1640069402434910729, 1640069402434910729, 29.92, NULL, NULL, '8026牛仔短裤', '272021008026', 'https://cbu01.alicdn.com/img/ibank/O1CN01eJxjQM2FOyB3IsiuU_!!2208857268871-0-cib.jpg', NULL, 0, 0, '2720210080260002', '白色,M', 29.92, 1, NULL, NULL, 0, 'NO_REFUND', NULL, NULL, NULL, 0, NULL, 0, 9, 24, NULL, 0, 0);
INSERT INTO `s_tao_order_item` VALUES (42, 2814908799866290421, 2814908799866290421, 39.52, NULL, NULL, '858牛仔短裤', '2720220858', 'http://img.huayikeji.com/iy5dedjmji0e10ju6plgpwgj9er04vsz', NULL, 0, 0, '27202208580103', '黑色,L', 39.52, 1, NULL, NULL, 0, 'NO_REFUND', NULL, NULL, NULL, 0, NULL, 0, 10, 45, NULL, 0, 0);
INSERT INTO `s_tao_order_item` VALUES (43, 2806128469605311766, 2806128469605311766, 39.52, NULL, NULL, '858牛仔短裤', '2720220858', 'http://img.huayikeji.com/iy5dedjmji0e10ju6plgpwgj9er04vsz', NULL, 0, 0, '27202208580103', '黑色,L', 39.52, 1, NULL, NULL, 1, 'REFUNDING', 40, 174964968310316617, NULL, 0, NULL, 0, 10, 45, NULL, 0, 0);
INSERT INTO `s_tao_order_item` VALUES (44, 2814967981966512411, 2814967981966512411, 39.52, NULL, NULL, '858牛仔短裤', '2720220858', 'http://img.huayikeji.com/iy5dedjmji0e10ju6plgpwgj9er04vsz', NULL, 0, 0, '27202208580101', '黑色,S', 39.52, 1, NULL, NULL, 0, 'NO_REFUND', NULL, NULL, NULL, 0, NULL, 0, 10, 43, NULL, 0, 0);
INSERT INTO `s_tao_order_item` VALUES (45, 2815872879709626454, 2815872879709626454, 29.92, NULL, NULL, '8026牛仔短裤', '272021008026', 'https://cbu01.alicdn.com/img/ibank/O1CN01eJxjQM2FOyB3IsiuU_!!2208857268871-0-cib.jpg', NULL, 0, 0, '2720210080260005', '白色,2XL', 29.92, 1, NULL, NULL, 1, 'REFUNDING', 30, 175673665740625464, NULL, 0, NULL, 0, 9, 27, NULL, 0, 0);
INSERT INTO `s_tao_order_item` VALUES (46, 2816024978330891142, 2816024978330891142, 29.92, NULL, NULL, '8026牛仔短裤', '272021008026', 'https://cbu01.alicdn.com/img/ibank/O1CN01PHFmsX2FOyB14fPie_!!2208857268871-0-cib.jpg', NULL, 0, 0, '2720210080260304', '浅蓝色,XL', 29.92, 1, NULL, NULL, 0, 'NO_REFUND', NULL, NULL, NULL, 0, NULL, 0, 9, 41, NULL, 0, 0);
INSERT INTO `s_tao_order_item` VALUES (47, 1641540792944799598, 1641540792944799598, 29.92, NULL, NULL, '8026牛仔短裤', '272021008026', 'https://cbu01.alicdn.com/img/ibank/O1CN016mr0RO2FOyB3ItCEP_!!2208857268871-0-cib.jpg', NULL, 0, 0, '2720210080260205', '深蓝色,2XL', 29.92, 1, NULL, NULL, 0, 'NO_REFUND', NULL, NULL, NULL, 0, NULL, 0, 9, 37, NULL, 0, 0);
INSERT INTO `s_tao_order_item` VALUES (48, 2817362126131487212, 2817362126131487212, 39.52, NULL, NULL, '858牛仔短裤', '2720220858', 'http://img.huayikeji.com/iy5dedjmji0e10ju6plgpwgj9er04vsz', NULL, 0, 0, '27202208580101', '黑色,S', 39.52, 1, NULL, NULL, 0, 'NO_REFUND', NULL, NULL, NULL, 0, NULL, 0, 10, 43, NULL, 0, 0);
INSERT INTO `s_tao_order_item` VALUES (49, 1642459225787395472, 1642459225787395472, 29.92, NULL, NULL, '8026牛仔短裤', '272021008026', 'https://cbu01.alicdn.com/img/ibank/O1CN01PHFmsX2FOyB14fPie_!!2208857268871-0-cib.jpg', NULL, 0, 0, '2720210080260304', '浅蓝色,XL', 29.92, 1, NULL, NULL, 0, 'NO_REFUND', NULL, NULL, NULL, 0, NULL, 0, 9, 41, NULL, 0, 0);
INSERT INTO `s_tao_order_item` VALUES (50, 1642473483353670599, 1642473483353670599, 29.92, NULL, NULL, '8026牛仔短裤', '272021008026', 'https://cbu01.alicdn.com/img/ibank/O1CN01AfNgvA2FOyAvwXZxv_!!2208857268871-0-cib.jpg', NULL, 0, 0, '2720210080260105', '黑色,2XL', 29.92, 1, NULL, NULL, 0, 'NO_REFUND', NULL, NULL, NULL, 0, NULL, 0, 9, 32, NULL, 0, 0);
INSERT INTO `s_tao_order_item` VALUES (51, 2821439630766120201, 2821439630766120201, 29.92, NULL, NULL, '8026牛仔短裤', '272021008026', 'https://cbu01.alicdn.com/img/ibank/O1CN01PHFmsX2FOyB14fPie_!!2208857268871-0-cib.jpg', NULL, 0, 0, '2720210080260304', '浅蓝色,XL', 29.92, 1, NULL, NULL, 1, 'REFUNDING', 30, 175970162913120102, NULL, 0, NULL, 0, 9, 41, NULL, 0, 0);
INSERT INTO `s_tao_order_item` VALUES (52, 2821066273607033246, 2821066273607033246, 29.92, NULL, NULL, '8026牛仔短裤', '272021008026', 'https://cbu01.alicdn.com/img/ibank/O1CN01PHFmsX2FOyB14fPie_!!2208857268871-0-cib.jpg', NULL, 0, 0, '2720210080260302', '浅蓝色,M', 29.92, 1, NULL, NULL, 0, 'NO_REFUND', NULL, NULL, NULL, 0, NULL, 0, 9, 39, NULL, 0, 0);
INSERT INTO `s_tao_order_item` VALUES (53, 2821131792906086156, 2821131792906086156, 29.92, NULL, NULL, '8026牛仔短裤', '272021008026', 'https://cbu01.alicdn.com/img/ibank/O1CN01eJxjQM2FOyB3IsiuU_!!2208857268871-0-cib.jpg', NULL, 0, 0, '2720210080260003', '白色,L', 29.92, 1, NULL, NULL, 0, 'NO_REFUND', NULL, NULL, NULL, 0, NULL, 0, 9, 25, NULL, 0, 0);
INSERT INTO `s_tao_order_item` VALUES (54, 1645143458981500079, 1645143458981500079, 29.92, NULL, NULL, '8026牛仔短裤', '272021008026', 'https://cbu01.alicdn.com/img/ibank/O1CN01PHFmsX2FOyB14fPie_!!2208857268871-0-cib.jpg', NULL, 0, 0, '2720210080260305', '浅蓝色,2XL', 29.92, 1, NULL, NULL, 0, 'NO_REFUND', NULL, NULL, NULL, 0, NULL, 0, 9, 42, NULL, 0, 0);
INSERT INTO `s_tao_order_item` VALUES (55, 1645147956136238382, 1645147956136238382, 29.92, NULL, NULL, '8026牛仔短裤', '272021008026', 'https://cbu01.alicdn.com/img/ibank/O1CN01eJxjQM2FOyB3IsiuU_!!2208857268871-0-cib.jpg', NULL, 0, 0, '2720210080260004', '白色,XL', 29.92, 1, NULL, NULL, 0, 'NO_REFUND', NULL, NULL, NULL, 0, NULL, 0, 9, 26, NULL, 0, 0);
INSERT INTO `s_tao_order_item` VALUES (56, 2824177932760871937, 2824177932760871937, 39.52, NULL, NULL, '858牛仔短裤', '2720220858', 'http://img.huayikeji.com/owqk4691mjiqif46s38sikzxdp3zkrn9', NULL, 0, 0, '27202208580301', '浅蓝色,S', 39.52, 1, NULL, NULL, 0, 'NO_REFUND', NULL, NULL, NULL, 0, NULL, 0, 10, 53, NULL, 0, 0);
INSERT INTO `s_tao_order_item` VALUES (57, 2824824564086115520, 2824824564086115520, 29.92, NULL, NULL, '8026牛仔短裤', '272021008026', 'https://cbu01.alicdn.com/img/ibank/O1CN016mr0RO2FOyB3ItCEP_!!2208857268871-0-cib.jpg', NULL, 0, 0, '2720210080260203', '深蓝色,L', 29.92, 1, NULL, NULL, 0, 'NO_REFUND', NULL, NULL, NULL, 0, NULL, 0, 9, 35, NULL, 0, 0);
INSERT INTO `s_tao_order_item` VALUES (58, 1646522582072053096, 1646522582072053096, 29.92, NULL, NULL, '8026牛仔短裤', '272021008026', 'https://cbu01.alicdn.com/img/ibank/O1CN01AfNgvA2FOyAvwXZxv_!!2208857268871-0-cib.jpg', NULL, 0, 0, '2720210080260105', '黑色,2XL', 29.92, 1, NULL, NULL, 0, 'NO_REFUND', NULL, NULL, NULL, 0, NULL, 0, 9, 32, NULL, 0, 0);
INSERT INTO `s_tao_order_item` VALUES (59, 2825385264263717249, 2825385264263717249, 29.92, NULL, NULL, '8026牛仔短裤', '272021008026', 'https://cbu01.alicdn.com/img/ibank/O1CN01PHFmsX2FOyB14fPie_!!2208857268871-0-cib.jpg', NULL, 0, 0, '2720210080260301', '浅蓝色,S', 29.92, 1, NULL, NULL, 0, 'NO_REFUND', NULL, NULL, NULL, 0, NULL, 0, 9, 38, NULL, 0, 0);
INSERT INTO `s_tao_order_item` VALUES (60, 2826557209416120201, 2826557209416120201, 29.92, NULL, NULL, '8026牛仔短裤', '272021008026', 'https://cbu01.alicdn.com/img/ibank/O1CN016mr0RO2FOyB3ItCEP_!!2208857268871-0-cib.jpg', NULL, 0, 0, '2720210080260203', '深蓝色,L', 29.92, 1, NULL, NULL, 0, 'NO_REFUND', NULL, NULL, NULL, 0, NULL, 0, 9, 35, NULL, 0, 0);
INSERT INTO `s_tao_order_item` VALUES (61, 1646030496778058766, 1646030496778058766, 29.92, NULL, NULL, '8026牛仔短裤', '272021008026', 'https://cbu01.alicdn.com/img/ibank/O1CN01eJxjQM2FOyB3IsiuU_!!2208857268871-0-cib.jpg', NULL, 0, 0, '2720210080260004', '白色,XL', 29.92, 1, NULL, NULL, 0, 'NO_REFUND', NULL, NULL, NULL, 0, NULL, 0, 9, 26, NULL, 0, 0);
INSERT INTO `s_tao_order_item` VALUES (62, 2826089316520532138, 2826089316520532138, 29.92, NULL, NULL, '8026牛仔短裤', '272021008026', 'https://cbu01.alicdn.com/img/ibank/O1CN01AfNgvA2FOyAvwXZxv_!!2208857268871-0-cib.jpg', NULL, 0, 0, '2720210080260104', '黑色,XL', 29.92, 1, NULL, NULL, 0, 'NO_REFUND', NULL, NULL, NULL, 0, NULL, 0, 9, 31, NULL, 0, 0);
INSERT INTO `s_tao_order_item` VALUES (63, 2826089316520532138, 2826089316520532138, 29.92, NULL, NULL, '8026牛仔短裤', '272021008026', 'https://cbu01.alicdn.com/img/ibank/O1CN01eJxjQM2FOyB3IsiuU_!!2208857268871-0-cib.jpg', NULL, 0, 0, '2720210080260004', '白色,XL', 29.92, 1, NULL, NULL, 0, 'NO_REFUND', NULL, NULL, NULL, 0, NULL, 0, 9, 26, NULL, 0, 0);
INSERT INTO `s_tao_order_item` VALUES (64, 2828255115947158925, 2828255115947158925, 39.52, NULL, NULL, '858牛仔短裤', '2720220858', 'http://img.huayikeji.com/6z7p3rdtdb85704lz4nrgm259w1sv7qf', NULL, 0, 0, '27202208580202', '黑灰色,M', 39.52, 1, NULL, NULL, 0, 'NO_REFUND', NULL, NULL, NULL, 0, NULL, 0, 10, 49, NULL, 0, 0);
INSERT INTO `s_tao_order_item` VALUES (65, 1647209246565575386, 1647209246565575386, 29.92, NULL, NULL, '8026牛仔短裤', '272021008026', 'https://cbu01.alicdn.com/img/ibank/O1CN01PHFmsX2FOyB14fPie_!!2208857268871-0-cib.jpg', NULL, 0, 0, '2720210080260303', '浅蓝色,L', 29.92, 1, NULL, NULL, 0, 'NO_REFUND', NULL, NULL, NULL, 0, NULL, 0, 9, 40, NULL, 0, 0);
INSERT INTO `s_tao_order_item` VALUES (66, 2827254996108810615, 2827254996108810615, 29.92, NULL, NULL, '8026牛仔短裤', '272021008026', 'https://cbu01.alicdn.com/img/ibank/O1CN01AfNgvA2FOyAvwXZxv_!!2208857268871-0-cib.jpg', NULL, 0, 0, '2720210080260103', '黑色,L', 29.92, 1, NULL, NULL, 0, 'NO_REFUND', NULL, NULL, NULL, 0, NULL, 0, 9, 30, NULL, 0, 0);
INSERT INTO `s_tao_order_item` VALUES (67, 1647477879589747479, 1647477879589747479, 29.92, NULL, NULL, '8026牛仔短裤', '272021008026', 'https://cbu01.alicdn.com/img/ibank/O1CN01eJxjQM2FOyB3IsiuU_!!2208857268871-0-cib.jpg', NULL, 0, 0, '2720210080260002', '白色,M', 29.92, 1, NULL, NULL, 0, 'NO_REFUND', NULL, NULL, NULL, 0, NULL, 0, 9, 24, NULL, 0, 0);
INSERT INTO `s_tao_order_item` VALUES (68, 2830086181549556227, 2830086181549556227, 29.92, NULL, NULL, '8026牛仔短裤', '272021008026', 'https://cbu01.alicdn.com/img/ibank/O1CN01eJxjQM2FOyB3IsiuU_!!2208857268871-0-cib.jpg', NULL, 0, 0, '2720210080260002', '白色,M', 29.92, 1, NULL, NULL, 0, 'NO_REFUND', NULL, NULL, NULL, 0, NULL, 0, 9, 24, NULL, 0, 0);
INSERT INTO `s_tao_order_item` VALUES (69, 2833459166397538046, 2833459166397538046, 29.92, NULL, NULL, '8026牛仔短裤', '272021008026', 'https://cbu01.alicdn.com/img/ibank/O1CN01PHFmsX2FOyB14fPie_!!2208857268871-0-cib.jpg', NULL, 0, 0, '2720210080260304', '浅蓝色,XL', 29.92, 1, NULL, NULL, 0, 'NO_REFUND', NULL, NULL, NULL, 0, NULL, 0, 9, 41, NULL, 0, 0);
INSERT INTO `s_tao_order_item` VALUES (70, 1649326118935313381, 1649326118935313381, 29.92, NULL, NULL, '8026牛仔短裤', '272021008026', 'https://cbu01.alicdn.com/img/ibank/O1CN01eJxjQM2FOyB3IsiuU_!!2208857268871-0-cib.jpg', NULL, 0, 0, '2720210080260002', '白色,M', 29.92, 1, NULL, NULL, 0, 'NO_REFUND', NULL, NULL, NULL, 0, NULL, 0, 9, 24, NULL, 0, 0);
INSERT INTO `s_tao_order_item` VALUES (71, 2833487605081053215, 2833487605081053215, 29.92, NULL, NULL, '8026牛仔短裤', '272021008026', 'https://cbu01.alicdn.com/img/ibank/O1CN01PHFmsX2FOyB14fPie_!!2208857268871-0-cib.jpg', NULL, 0, 0, '2720210080260303', '浅蓝色,L', 29.92, 1, NULL, NULL, 0, 'NO_REFUND', NULL, NULL, NULL, 0, NULL, 0, 9, 40, NULL, 0, 0);
INSERT INTO `s_tao_order_item` VALUES (72, 2834586612989989214, 2834586612989989214, 29.92, NULL, NULL, '8026牛仔短裤', '272021008026', 'https://cbu01.alicdn.com/img/ibank/O1CN01AfNgvA2FOyAvwXZxv_!!2208857268871-0-cib.jpg', NULL, 0, 0, '2720210080260103', '黑色,L', 29.92, 1, NULL, NULL, 0, 'NO_REFUND', NULL, NULL, NULL, 0, NULL, 0, 9, 30, NULL, 0, 0);
INSERT INTO `s_tao_order_item` VALUES (73, 2836651827420622606, 2836651827420622606, 29.92, NULL, NULL, '8026牛仔短裤', '272021008026', 'https://cbu01.alicdn.com/img/ibank/O1CN01eJxjQM2FOyB3IsiuU_!!2208857268871-0-cib.jpg', NULL, 0, 0, '2720210080260004', '白色,XL', 29.92, 1, NULL, NULL, 0, 'NO_REFUND', NULL, NULL, NULL, 0, NULL, 0, 9, 26, NULL, 0, 0);
INSERT INTO `s_tao_order_item` VALUES (74, 2835997560685460338, 2835997560685460338, 29.92, NULL, NULL, '8026牛仔短裤', '272021008026', 'https://cbu01.alicdn.com/img/ibank/O1CN016mr0RO2FOyB3ItCEP_!!2208857268871-0-cib.jpg', NULL, 0, 0, '2720210080260204', '深蓝色,XL', 29.92, 1, NULL, NULL, 0, 'NO_REFUND', NULL, NULL, NULL, 0, NULL, 0, 9, 36, NULL, 0, 0);
INSERT INTO `s_tao_order_item` VALUES (75, 2839011483867148800, 2839011483867148800, 29.92, NULL, NULL, '8026牛仔短裤', '272021008026', 'https://cbu01.alicdn.com/img/ibank/O1CN01AfNgvA2FOyAvwXZxv_!!2208857268871-0-cib.jpg', NULL, 0, 0, '2720210080260103', '黑色,L', 29.92, 1, NULL, NULL, 1, 'REFUNDING', 30, 177098796584140088, NULL, 0, NULL, 0, 9, 30, NULL, 0, 0);
INSERT INTO `s_tao_order_item` VALUES (76, 2838936061398720816, 2838936061398720816, 47.92, NULL, NULL, 'HN0015裤脚开叉牛仔裤', 'HN20220015', 'http://img.huayikeji.com/o1pijvy2umsa8mlgfkyjbgs3vwmotkdh', NULL, 0, 0, 'HN202200150229', '复古蓝,XL', 47.92, 1, NULL, NULL, 0, 'NO_REFUND', NULL, NULL, NULL, 0, NULL, 0, 21, 260, NULL, 0, 0);
INSERT INTO `s_tao_order_item` VALUES (77, 2840584645454757805, 2840584645454757805, 29.92, NULL, NULL, '8026牛仔短裤', '272021008026', 'https://cbu01.alicdn.com/img/ibank/O1CN016mr0RO2FOyB3ItCEP_!!2208857268871-0-cib.jpg', NULL, 0, 0, '2720210080260204', '深蓝色,XL', 29.92, 1, NULL, NULL, 1, 'REFUNDING', 30, 177634911027750578, NULL, 0, NULL, 0, 9, 36, NULL, 0, 0);
INSERT INTO `s_tao_order_item` VALUES (78, 1653154394408665996, 1653154394408665996, 39.52, NULL, NULL, '858牛仔短裤', '2720220858', 'http://img.huayikeji.com/iy5dedjmji0e10ju6plgpwgj9er04vsz', NULL, 0, 0, '27202208580104', '黑色,XL', 39.52, 1, NULL, NULL, 1, 'REFUNDING', 40, 106476564604669659, NULL, 0, NULL, 0, 10, 46, NULL, 0, 0);
INSERT INTO `s_tao_order_item` VALUES (79, 1654118401554519282, 1654118401554519282, 29.92, NULL, NULL, '8026牛仔短裤', '272021008026', 'https://cbu01.alicdn.com/img/ibank/O1CN01eJxjQM2FOyB3IsiuU_!!2208857268871-0-cib.jpg', NULL, 0, 0, '2720210080260004', '白色,XL', 29.92, 1, NULL, NULL, 0, 'NO_REFUND', NULL, NULL, NULL, 0, NULL, 0, 9, 26, NULL, 0, 0);
INSERT INTO `s_tao_order_item` VALUES (80, 2855773766822325815, 2855773766822325815, 39.52, NULL, NULL, '858牛仔短裤', '2720220858', 'http://img.huayikeji.com/iy5dedjmji0e10ju6plgpwgj9er04vsz', NULL, 0, 0, '27202208580102', '黑色,M', 39.52, 1, NULL, NULL, 0, 'NO_REFUND', NULL, NULL, NULL, 0, NULL, 0, 10, 44, NULL, 0, 0);
INSERT INTO `s_tao_order_item` VALUES (81, 2863795574656667447, 2863795574656667447, 47.92, NULL, NULL, 'HN0015裤脚开叉牛仔裤', 'HN20220015', 'http://img.huayikeji.com/jw7wxsu4uwiv7khvaocru7t9yhhdodol', NULL, NULL, NULL, NULL, '颜色分类：复古蓝;尺寸：M[91-100斤]', 59.90, 1, NULL, NULL, 0, 'NO_REFUND', NULL, NULL, NULL, 0, NULL, 0, 21, 0, NULL, 0, 0);
INSERT INTO `s_tao_order_item` VALUES (82, 2873372763545381646, 2873372763545381646, 55.92, NULL, NULL, 'HN0630松紧腰九分老爹哈伦裤', 'HN0630', 'http://img.huayikeji.com/kcjtgriwhgpz0njn420akyrcfflk6yrd', NULL, NULL, NULL, NULL, '颜色分类：浅蓝色;尺寸：S', 69.90, 1, NULL, NULL, 0, 'NO_REFUND', NULL, NULL, NULL, 0, NULL, 0, 26, 0, NULL, 0, 0);
INSERT INTO `s_tao_order_item` VALUES (83, 1664188610043377195, 1664188610043377195, 19.90, NULL, NULL, '8026牛仔短裤', '2720218026', 'http://img.huayikeji.com/geq3vm4dcvntd6vnzclxhbh481v1jx5p', NULL, NULL, NULL, NULL, '颜色分类：深蓝色;尺寸：L[101-110]', 39.90, 1, NULL, NULL, 0, 'NO_REFUND', NULL, NULL, NULL, 0, NULL, 0, 9, 0, NULL, 0, 0);
INSERT INTO `s_tao_order_item` VALUES (84, 2872120393981932527, 2872120393981932527, 24.52, NULL, NULL, '858牛仔短裤', '2720220858', 'http://img.huayikeji.com/iy5dedjmji0e10ju6plgpwgj9er04vsz', NULL, NULL, NULL, NULL, '颜色分类：黑灰色;尺寸：M[91-100斤]', 54.90, 1, NULL, NULL, 1, 'REFUNDING', 25, 179419141878932725, NULL, 0, NULL, 0, 10, 0, NULL, 0, 0);
INSERT INTO `s_tao_order_item` VALUES (85, 2871656887230113338, 2871656887230113338, 27.90, NULL, NULL, '858牛仔短裤', '2720220858', 'http://img.huayikeji.com/iy5dedjmji0e10ju6plgpwgj9er04vsz', NULL, NULL, NULL, NULL, '颜色分类：黑灰色;尺寸：L[101-110斤]', 54.90, 1, NULL, NULL, 0, 'NO_REFUND', NULL, NULL, NULL, 0, NULL, 0, 10, 0, NULL, 0, 0);
INSERT INTO `s_tao_order_item` VALUES (86, 2871618367375154549, 2871618367375154549, 27.90, NULL, NULL, '858牛仔短裤', '2720220858', 'http://img.huayikeji.com/iy5dedjmji0e10ju6plgpwgj9er04vsz', NULL, NULL, NULL, NULL, '颜色分类：浅蓝色;尺寸：L[101-110斤]', 54.90, 1, NULL, NULL, 0, 'NO_REFUND', NULL, NULL, NULL, 0, NULL, 0, 10, 0, NULL, 0, 0);
INSERT INTO `s_tao_order_item` VALUES (87, 1664990796806753993, 1664990796806753993, 24.90, NULL, NULL, '8026牛仔短裤', '2720218026', 'http://img.huayikeji.com/geq3vm4dcvntd6vnzclxhbh481v1jx5p', NULL, NULL, NULL, NULL, '颜色分类：浅蓝色;尺寸：2XL[121-125斤]', 39.90, 1, NULL, NULL, 0, 'NO_REFUND', NULL, NULL, NULL, 0, NULL, 0, 9, 0, NULL, 0, 0);
INSERT INTO `s_tao_order_item` VALUES (88, 1666956540494199587, 1666956540494199587, 34.90, NULL, NULL, '858牛仔短裤', '2720220858', 'http://img.huayikeji.com/iy5dedjmji0e10ju6plgpwgj9er04vsz', NULL, NULL, NULL, NULL, '颜色分类：黑灰色;尺寸：S[90斤]', 54.90, 1, NULL, NULL, 0, 'NO_REFUND', NULL, NULL, NULL, 0, NULL, 0, 10, 0, NULL, 0, 0);
INSERT INTO `s_tao_order_item` VALUES (89, 2882180559719256611, 2882180559719256611, 39.52, NULL, NULL, '858牛仔短裤', '2720220858', 'http://img.huayikeji.com/iy5dedjmji0e10ju6plgpwgj9er04vsz', NULL, NULL, NULL, NULL, '颜色分类：黑色;尺寸：L[101-110斤]', 54.90, 1, NULL, NULL, 1, 'REFUNDING', 40, 179683094483251166, NULL, 0, NULL, 0, 10, 0, NULL, 0, 0);
INSERT INTO `s_tao_order_item` VALUES (90, 1668790597296915884, 1668790597296915884, 51.91, NULL, NULL, 'HN023小直筒牛仔裤', 'HN023', 'http://img.huayikeji.com/g0gsgjfmuvl7jkl22sdbfpbcvb2ozki1', NULL, NULL, NULL, NULL, '颜色分类：复古蓝;尺寸：27', 59.90, 1, NULL, NULL, 0, 'NO_REFUND', NULL, NULL, NULL, 0, NULL, 0, 27, 0, NULL, 0, 0);
INSERT INTO `s_tao_order_item` VALUES (91, 2894222592323299060, 2894222592323299060, 53.91, NULL, NULL, 'HN0014前开叉微喇叭牛仔裤', 'HN0014', 'http://img.huayikeji.com/pofzt3pqrtravmzd1jrnd605xqu0usic', NULL, NULL, NULL, NULL, '颜色分类：浅蓝色;尺寸：M', 59.90, 1, NULL, NULL, 0, 'NO_REFUND', NULL, NULL, NULL, 0, NULL, 0, 18, 0, NULL, 0, 0);
INSERT INTO `s_tao_order_item` VALUES (92, 2900221419737927908, 2900221419737927908, 29.92, NULL, NULL, '8026牛仔短裤', '2720218026', 'http://img.huayikeji.com/geq3vm4dcvntd6vnzclxhbh481v1jx5p', NULL, NULL, NULL, NULL, '颜色分类：黑色;尺寸：L[101-110]', 39.90, 1, NULL, NULL, 0, 'NO_REFUND', NULL, NULL, NULL, 0, NULL, 0, 9, 0, NULL, 0, 0);
INSERT INTO `s_tao_order_item` VALUES (93, 2899913437459231759, 2899913437459231759, 39.52, NULL, NULL, '858牛仔短裤', '2720220858', 'http://img.huayikeji.com/iy5dedjmji0e10ju6plgpwgj9er04vsz', NULL, NULL, NULL, NULL, '颜色分类：黑色;尺寸：XL[111-120斤]', 54.90, 1, NULL, NULL, 0, 'NO_REFUND', NULL, NULL, NULL, 0, NULL, 0, 10, 0, NULL, 0, 0);
INSERT INTO `s_tao_order_item` VALUES (94, 1681236338785922394, 1681236338786922394, 43.49, NULL, NULL, 'HN621高腰直筒宽松破洞牛仔裤', 'HN621', 'https://cbu01.alicdn.com/img/ibank/O1CN01DMb5Yv2FOyEph4yYB_!!2208857268871-0-cib.jpg', NULL, NULL, NULL, NULL, '颜色分类：黑灰色;尺寸：L', 59.90, 1, NULL, NULL, 0, 'NO_REFUND', NULL, NULL, NULL, 0, NULL, 0, 34, 0, NULL, 0, 0);
INSERT INTO `s_tao_order_item` VALUES (95, 1683558230877541495, 1683558230878541495, 49.63, NULL, NULL, 'HN022高腰弹力九分小脚铅笔裤', 'HN022', 'https://cbu01.alicdn.com/img/ibank/O1CN012TyoAb2FOyA5iihhy_!!2208857268871-0-cib.jpg', NULL, NULL, 578, 'HN0222927', '颜色分类：蓝灰色;尺寸：27', 59.90, 1, NULL, NULL, 1, 'REFUNDING', 50, 108941522538549514, NULL, 0, NULL, 0, 39, 578, NULL, 0, 0);
INSERT INTO `s_tao_order_item` VALUES (96, 2923690718502279654, 2923690718502279654, 54.90, NULL, NULL, '858牛仔短裤', '2720220858', 'http://img.huayikeji.com/owqk4691mjiqif46s38sikzxdp3zkrn9', NULL, NULL, 55, '27202208580303', '颜色分类：浅蓝色;尺寸：L[101-110斤]', 54.90, 1, NULL, NULL, 0, 'NO_REFUND', NULL, NULL, NULL, 0, NULL, 0, 10, 55, NULL, 0, 0);
INSERT INTO `s_tao_order_item` VALUES (97, 2927935514314953754, 2927935514314953754, 53.61, NULL, NULL, 'HN023小直筒牛仔裤', 'HN023', 'http://img.huayikeji.com/8p4iw27ejggt0fr66jpbbwxrif65aey7', NULL, NULL, 395, 'HN0230128', '颜色分类：黑色;尺寸：28', 59.90, 1, NULL, NULL, 0, 'NO_REFUND', NULL, NULL, NULL, 0, NULL, 0, 27, 395, NULL, 0, 0);
INSERT INTO `s_tao_order_item` VALUES (98, 2934328755836161104, 2934328755837161104, 97.10, NULL, NULL, 'HN0020九分铅笔小脚裤子', 'HN20220020', 'http://img.huayikeji.com/ms87oxxsvn3fi422bsil1rgnqbko3wf8', NULL, NULL, 286, 'HN202200200327', '颜色分类：浅蓝色;尺寸：27', 59.90, 2, NULL, NULL, 0, 'NO_REFUND', NULL, NULL, NULL, 0, NULL, 0, 22, 286, NULL, 0, 0);
INSERT INTO `s_tao_order_item` VALUES (99, 2934328755836161104, 2934328755838161104, 35.93, NULL, NULL, 'HN660高腰直筒牛仔裤女腰围可调春秋季', 'HN660', 'https://cbu01.alicdn.com/img/ibank/O1CN01ZxdpVe2FOyCUVHjc2_!!2208857268871-0-cib.jpg', NULL, NULL, 649, 'HN6604002', '颜色分类：复古蓝;尺寸：M', 59.90, 1, NULL, NULL, 0, 'NO_REFUND', NULL, NULL, NULL, 0, NULL, 0, 44, 649, NULL, 0, 0);
INSERT INTO `s_tao_order_item` VALUES (100, 1707397970934272173, 1707397970934272173, 52.30, NULL, NULL, 'HN022高腰弹力九分小脚铅笔裤', 'HN022', 'https://cbu01.alicdn.com/img/ibank/O1CN018JTrMY2FOyA4kgljs_!!2208857268871-0-cib.jpg', NULL, NULL, 571, 'HN0220127', '颜色分类：黑色;尺寸：27', 59.90, 1, NULL, NULL, 0, 'NO_REFUND', NULL, NULL, NULL, 0, NULL, 0, 39, 571, NULL, 0, 0);
INSERT INTO `s_tao_order_item` VALUES (101, 1719046705687156592, 1719046705687156592, 67.15, NULL, NULL, 'JKL805高腰阔腿牛仔裤女直筒宽松', 'JKL805', 'https://cbu01.alicdn.com/img/ibank/O1CN01fz1zp42Arl3SMD5sS_!!2513908257-0-cib.jpg', NULL, NULL, 738, 'JKL80512003', '颜色分类：深蓝色加长款;尺寸：L', 89.90, 1, NULL, NULL, 0, 'NO_REFUND', NULL, NULL, NULL, 0, NULL, 0, 47, 738, NULL, 0, 0);
INSERT INTO `s_tao_order_item` VALUES (102, 2989950941864043634, 2989950941864043634, 63.90, NULL, NULL, 'JKL805高腰阔腿牛仔裤女直筒宽松', 'JKL805', 'https://cbu01.alicdn.com/img/ibank/O1CN01fz1zp42Arl3SMD5sS_!!2513908257-0-cib.jpg', NULL, NULL, 737, 'JKL80512002', '颜色分类：深蓝色加长款;尺寸：M', 89.90, 1, NULL, NULL, 0, 'NO_REFUND', NULL, NULL, NULL, 0, NULL, 0, 47, 737, NULL, 0, 0);
INSERT INTO `s_tao_order_item` VALUES (103, 2996431995920305209, 2996431995920305209, 53.91, NULL, NULL, 'HN022高腰弹力九分小脚铅笔裤', 'HN022', 'https://cbu01.alicdn.com/img/ibank/O1CN018JTrMY2FOyA4kgljs_!!2208857268871-0-cib.jpg', NULL, NULL, 570, 'HN0220126', '颜色分类：黑色;尺寸：26', 59.90, 1, NULL, NULL, 1, 'REFUNDING', 54, 188634457153300952, NULL, 0, NULL, 0, 39, 570, NULL, 0, 0);
INSERT INTO `s_tao_order_item` VALUES (104, 3007753525735252502, 3007753525735252502, 29.01, NULL, NULL, '858牛仔短裤', '2720220858', 'http://img.huayikeji.com/iy5dedjmji0e10ju6plgpwgj9er04vsz', NULL, NULL, 46, '27202208580104', '颜色分类：黑色;尺寸：XL[111-120斤]', 54.90, 1, NULL, NULL, 0, 'NO_REFUND', NULL, NULL, NULL, 0, NULL, 0, 10, 46, NULL, 0, 0);
INSERT INTO `s_tao_order_item` VALUES (105, 1727577552380645780, 1727577552380645780, 69.22, NULL, NULL, 'JKL805高腰阔腿牛仔裤女直筒宽松', 'JKL805', 'https://cbu01.alicdn.com/img/ibank/O1CN01fz1zp42Arl3SMD5sS_!!2513908257-0-cib.jpg', NULL, NULL, 739, 'JKL80512004', '颜色分类：深蓝色加长款;尺寸：XL', 89.90, 1, NULL, NULL, 1, 'REFUNDING', 69, 112173313472648057, NULL, 0, NULL, 0, 47, 739, NULL, 0, 0);
INSERT INTO `s_tao_order_item` VALUES (106, 1732019991903645780, 1732019991903645780, 69.22, NULL, NULL, 'JKL805高腰阔腿牛仔裤女直筒宽松', 'JKL805', 'https://cbu01.alicdn.com/img/ibank/O1CN01KtZqKM2Arl3fk5KtK_!!2513908257-0-cib.jpg', NULL, NULL, 733, 'JKL8051204', '颜色分类：深蓝色[九分款];尺寸：XL', 89.90, 1, NULL, NULL, 0, 'NO_REFUND', NULL, NULL, NULL, 0, NULL, 0, 47, 733, NULL, 0, 0);
INSERT INTO `s_tao_order_item` VALUES (107, 3020629500584706539, 3020629500584706539, 56.85, NULL, NULL, 'JKL805高腰阔腿牛仔裤女直筒宽松', 'JKL805', 'https://cbu01.alicdn.com/img/ibank/O1CN01KtZqKM2Arl3fk5KtK_!!2513908257-0-cib.jpg', NULL, NULL, 730, 'JKL8051201', '颜色分类：深蓝色[九分款];尺寸：S', 89.90, 1, NULL, NULL, 1, 'REFUNDING', 57, 190685196805703965, NULL, 0, NULL, 0, 47, 730, NULL, 0, 0);
INSERT INTO `s_tao_order_item` VALUES (108, 1747680279246507087, 1747680279246507087, 52.30, NULL, NULL, 'HN022高腰弹力九分小脚铅笔裤', 'HN022', 'https://cbu01.alicdn.com/img/ibank/O1CN018JTrMY2FOyA4kgljs_!!2208857268871-0-cib.jpg', NULL, NULL, 570, 'HN0220126', '颜色分类：黑色;尺寸：26', 59.90, 1, NULL, NULL, 1, 'REFUNDING', 52, 114179089881508770, NULL, 0, NULL, 0, 39, 570, NULL, 0, 0);
INSERT INTO `s_tao_order_item` VALUES (109, 3068371695265649519, 3068371695265649519, 58.11, NULL, NULL, 'HN022高腰弹力九分小脚铅笔裤', 'HN022', 'https://cbu01.alicdn.com/img/ibank/O1CN012TyoAb2FOyA5iihhy_!!2208857268871-0-cib.jpg', NULL, NULL, 577, 'HN0222926', '颜色分类：蓝灰色;尺寸：26', 59.90, 1, NULL, NULL, 0, 'NO_REFUND', NULL, NULL, NULL, 0, NULL, 0, 39, 577, NULL, 0, 0);
INSERT INTO `s_tao_order_item` VALUES (110, 3176359130095573624, 3176359130095573624, 87.21, NULL, NULL, 'JKL6010松紧腰哈伦裤', 'JKL6010', 'http://img.huayikeji.com/8okq5agwo00vy221pyylgvu47va7pet4', NULL, NULL, 985, 'JKL60107530', '颜色分类：黑灰色;尺寸：30', 89.90, 1, NULL, NULL, 0, 'NO_REFUND', NULL, NULL, NULL, 0, NULL, 0, 54, 985, NULL, 0, 0);
INSERT INTO `s_tao_order_item` VALUES (111, 3199194974134669907, 3199194974134669907, 23.13, NULL, NULL, '8026牛仔短裤', '2720218026', 'https://cbu01.alicdn.com/img/ibank/O1CN016mr0RO2FOyB3ItCEP_!!2208857268871-0-cib.jpg', NULL, NULL, 36, '2720210080260204', '颜色分类：深蓝色;尺寸：XL[111-120斤]', 39.90, 1, NULL, NULL, 0, 'NO_REFUND', NULL, NULL, NULL, 0, NULL, 0, 9, 36, NULL, 0, 0);
INSERT INTO `s_tao_order_item` VALUES (112, 3198002834286896419, 3198002834286896419, 24.00, NULL, NULL, '8026牛仔短裤', '2720218026', 'https://cbu01.alicdn.com/img/ibank/O1CN01PHFmsX2FOyB14fPie_!!2208857268871-0-cib.jpg', NULL, NULL, 42, '2720210080260305', '颜色分类：浅蓝色;尺寸：2XL[121-125斤]', 39.90, 1, NULL, NULL, 1, 'REFUNDING', 24, 205639742516891964, NULL, 0, NULL, 0, 9, 42, NULL, 0, 0);
INSERT INTO `s_tao_order_item` VALUES (113, 3200980287903658205, 3200980287903658205, 84.90, NULL, NULL, 'JKL3112松紧腰束脚哈伦裤', 'JKL3112', 'https://cbu01.alicdn.com/img/ibank/O1CN01rCYlbl2Arl3CqVwkG_!!2513908257-0-cib.jpg', NULL, NULL, 1318, 'JKL31121201', '颜色分类：深蓝色;尺寸：S', 129.00, 1, NULL, NULL, 0, 'NO_REFUND', NULL, NULL, NULL, 0, NULL, 0, 68, 1318, NULL, 0, 0);
INSERT INTO `s_tao_order_item` VALUES (114, 3202795730989743130, 3202795730989743130, 23.13, NULL, NULL, '8026牛仔短裤', '2720218026', 'https://cbu01.alicdn.com/img/ibank/O1CN016mr0RO2FOyB3ItCEP_!!2208857268871-0-cib.jpg', NULL, NULL, 35, '2720210080260203', '颜色分类：深蓝色;尺寸：L[101-110]', 39.90, 1, NULL, NULL, 0, 'NO_REFUND', NULL, NULL, NULL, 0, NULL, 0, 9, 35, NULL, 0, 0);
INSERT INTO `s_tao_order_item` VALUES (115, 3203383969440472843, 3203383969440472843, 21.56, NULL, NULL, '8026牛仔短裤', '2720218026', 'https://cbu01.alicdn.com/img/ibank/O1CN016mr0RO2FOyB3ItCEP_!!2208857268871-0-cib.jpg', NULL, NULL, 35, '2720210080260203', '颜色分类：深蓝色;尺寸：L[101-110]', 39.90, 1, NULL, NULL, 0, 'NO_REFUND', NULL, NULL, NULL, 0, NULL, 0, 9, 35, NULL, 0, 0);
INSERT INTO `s_tao_order_item` VALUES (116, 3207092509128923220, 3207092509128923220, 84.90, NULL, NULL, 'KH9734微喇叭牛仔裤女开叉', 'KH9734', 'https://gd3.alicdn.com/imgextra/i1/49616689/O1CN01bzPmrs1zHc5ynDOyo_!!49616689.jpg_400x400.jpg', NULL, NULL, 1337, 'KH97345028', '颜色分类：浅蓝色;尺寸：28', 129.00, 1, NULL, NULL, 0, 'NO_REFUND', NULL, NULL, NULL, 0, NULL, 0, 69, 1337, NULL, 0, 0);
INSERT INTO `s_tao_order_item` VALUES (117, 3212109471054044857, 3212109471054044857, 84.90, NULL, NULL, 'KH9734微喇叭牛仔裤女开叉', 'KH9734', 'https://gd3.alicdn.com/imgextra/i1/49616689/O1CN01bzPmrs1zHc5ynDOyo_!!49616689.jpg_400x400.jpg', NULL, NULL, 1335, 'KH97345026', '颜色分类：浅蓝色;尺寸：26', 129.00, 1, NULL, NULL, 0, 'NO_REFUND', NULL, NULL, NULL, 0, NULL, 0, 69, 1335, NULL, 0, 0);
INSERT INTO `s_tao_order_item` VALUES (118, 3214812817200681765, 3214812817200681765, 82.21, NULL, NULL, 'KH9826小脚牛仔裤女', 'KH9826', 'https://gd2.alicdn.com/imgextra/i4/49616689/O1CN01GAdjtB1zHc5yvskHx_!!49616689.jpg_400x400.jpg', NULL, NULL, 1351, 'KH98260128', '颜色分类：黑色;尺寸：28', 129.90, 1, NULL, NULL, 0, 'NO_REFUND', NULL, NULL, NULL, 0, NULL, 0, 70, 1351, NULL, 0, 0);
INSERT INTO `s_tao_order_item` VALUES (119, 3217043487978326218, 3217043487978326218, 84.90, NULL, NULL, 'JKL3112松紧腰束脚哈伦裤', 'JKL3112', 'https://cbu01.alicdn.com/img/ibank/O1CN01rCYlbl2Arl3CqVwkG_!!2513908257-0-cib.jpg', NULL, NULL, 1321, 'JKL31121204', '颜色分类：深蓝色;尺寸：XL', 129.00, 1, NULL, NULL, 0, 'NO_REFUND', NULL, NULL, NULL, 0, NULL, 0, 68, 1321, NULL, 0, 0);
INSERT INTO `s_tao_order_item` VALUES (120, 3238963057148759844, 3238963057148759844, 82.21, NULL, NULL, 'KH9734微喇叭牛仔裤女开叉', 'KH9734', 'https://gd3.alicdn.com/imgextra/i1/49616689/O1CN01bzPmrs1zHc5ynDOyo_!!49616689.jpg_400x400.jpg', NULL, NULL, 1336, 'KH97345027', '颜色分类：浅蓝色;尺寸：27', 129.00, 1, NULL, NULL, 0, 'NO_REFUND', NULL, NULL, NULL, 0, NULL, 0, 69, 1336, NULL, 0, 0);
INSERT INTO `s_tao_order_item` VALUES (121, 3237115646950643410, 3237115646950643410, 44.90, NULL, NULL, 'HN858牛仔短裤', 'HN858', 'https://cbu01.alicdn.com/img/ibank/O1CN01jpsOio2FOyFVLvlmx_!!2208857268871-0-cib.jpg', NULL, NULL, 53, '27202208580301', '颜色分类：浅蓝色;尺寸：S', 79.00, 1, NULL, NULL, 0, 'NO_REFUND', NULL, NULL, NULL, 0, NULL, 0, 10, 53, NULL, 0, 0);
INSERT INTO `s_tao_order_item` VALUES (122, 3236924701745643410, 3236924701745643410, 44.90, NULL, NULL, 'HN858牛仔短裤', 'HN858', 'https://cbu01.alicdn.com/img/ibank/O1CN01SJelLi2FOyFPEQgvg_!!2208857268871-0-cib.jpg', NULL, NULL, 43, '27202208580101', '颜色分类：黑色;尺寸：S', 79.00, 1, NULL, NULL, 0, 'NO_REFUND', NULL, NULL, NULL, 0, NULL, 0, 10, 43, NULL, 0, 0);

-- ----------------------------
-- Table structure for s_tao_order_refund
-- ----------------------------
DROP TABLE IF EXISTS `s_tao_order_refund`;
CREATE TABLE `s_tao_order_refund`  (
  `id` bigint(0) NOT NULL AUTO_INCREMENT,
  `refund_id` varchar(50) CHARACTER SET utf8mb3 COLLATE utf8mb3_general_ci DEFAULT NULL COMMENT '退款id',
  `after_sales_type` int(0) NOT NULL COMMENT '类型（1退货3换货）',
  `tid` bigint(0) DEFAULT NULL COMMENT '淘宝交易单号（订单号）',
  `oid` bigint(0) DEFAULT NULL COMMENT '子订单号。如果是单笔交易oid会等于tid',
  `buyer_nick` varchar(50) CHARACTER SET utf8mb3 COLLATE utf8mb3_general_ci DEFAULT NULL COMMENT '买家昵称',
  `total_fee` varchar(10) CHARACTER SET utf8mb3 COLLATE utf8mb3_general_ci DEFAULT NULL COMMENT '交易总金额。精确到2位小数;单位:元。如:200.07，表示:200元7分',
  `payment` varchar(50) CHARACTER SET utf8mb3 COLLATE utf8mb3_general_ci DEFAULT NULL COMMENT '支付给卖家的金额(交易总金额-退还给买家的金额)。精确到2位小数;单位:元。如:200.07，表示:200元7分',
  `refund_fee` decimal(10, 2) DEFAULT NULL COMMENT '退还金额(退还给买家的金额)。精确到2位小数;单位:元。如:200.07，表示:200元7分',
  `created` bigint(0) DEFAULT NULL COMMENT '退款申请时间。',
  `modified` bigint(0) DEFAULT NULL COMMENT '更新时间。',
  `order_status` varchar(50) CHARACTER SET utf8mb3 COLLATE utf8mb3_general_ci DEFAULT NULL COMMENT '退款对应的订单交易状态。',
  `status` int(0) DEFAULT NULL COMMENT '退款状态。可选值WAIT_SELLER_AGREE(买家已经申请退款，等待卖家同意) WAIT_BUYER_RETURN_GOODS(卖家已经同意退款，等待买家退货) WAIT_SELLER_CONFIRM_GOODS(买家已经退货，等待卖家确认收货) SELLER_REFUSE_BUYER(卖家拒绝退款) CLOSED(退款关闭) SUCCESS(退款成功)',
  `good_status` varchar(50) CHARACTER SET utf8mb3 COLLATE utf8mb3_general_ci DEFAULT NULL COMMENT '货物状态。可选值BUYER_NOT_RECEIVED (买家未收到货) BUYER_RECEIVED (买家已收到货) BUYER_RETURNED_GOODS (买家已退货)',
  `num` bigint(0) NOT NULL DEFAULT 0 COMMENT '退货数量',
  `has_good_return` int(0) DEFAULT NULL COMMENT '买家是否需要退货。可选值:true(是),false(否)',
  `reason` varchar(100) CHARACTER SET utf8mb3 COLLATE utf8mb3_general_ci DEFAULT NULL COMMENT '退款原因',
  `desc` varchar(100) CHARACTER SET utf8mb3 COLLATE utf8mb3_general_ci DEFAULT NULL COMMENT '退款说明',
  `logisticsCompany` varchar(50) CHARACTER SET utf8mb3 COLLATE utf8mb3_general_ci DEFAULT NULL COMMENT '物流公司',
  `logisticsCode` varchar(50) CHARACTER SET utf8mb3 COLLATE utf8mb3_general_ci DEFAULT NULL COMMENT '物流单号',
  `send_time` varchar(25) CHARACTER SET utf8mb3 COLLATE utf8mb3_general_ci DEFAULT NULL,
  `auditStatus` int(0) NOT NULL DEFAULT 0 COMMENT '2已签收9供应商已退款',
  `auditTime` datetime(0) DEFAULT NULL,
  `receivedTime` datetime(0) DEFAULT NULL COMMENT '收货时间',
  `address` varchar(50) CHARACTER SET utf8mb3 COLLATE utf8mb3_general_ci DEFAULT NULL,
  `remark` varchar(500) CHARACTER SET utf8mb3 COLLATE utf8mb3_general_ci DEFAULT NULL COMMENT '备注',
  `createOn` bigint(0) NOT NULL DEFAULT 0 COMMENT '系统创建时间',
  `shopId` int(0) DEFAULT NULL COMMENT '店铺id',
  `erpGoodsId` int(0) DEFAULT 0,
  `erpGoodsSpecId` int(0) DEFAULT 0,
  `specNumber` varchar(50) CHARACTER SET utf8mb3 COLLATE utf8mb3_general_ci DEFAULT NULL COMMENT 'sku编号',
  `refund_phase` varchar(15) CHARACTER SET utf8mb3 COLLATE utf8mb3_general_ci DEFAULT NULL COMMENT '退款阶段，可选值：onsale/aftersale',
  PRIMARY KEY (`id`) USING BTREE
) ENGINE = InnoDB AUTO_INCREMENT = 28 CHARACTER SET = utf8mb3 COLLATE = utf8mb3_general_ci COMMENT = '天猫退款订单' ROW_FORMAT = Dynamic;

-- ----------------------------
-- Records of s_tao_order_refund
-- ----------------------------
INSERT INTO `s_tao_order_refund` VALUES (3, '174018204093200147', 1, 2788451498824204701, 2788451498824204701, NULL, NULL, NULL, 34.40, NULL, NULL, NULL, 9, NULL, 1, NULL, NULL, NULL, '圆通速递', 'YT6659340239188', '2022-08-10 16:10:45', 9, '2022-08-27 09:55:58', NULL, '上海市 浦东新区 曹路镇 ', NULL, 1659425919, 6, NULL, NULL, NULL, NULL);
INSERT INTO `s_tao_order_refund` VALUES (4, '174008953672200147', 1, 2788451498824204701, 2788451498824204701, NULL, NULL, NULL, 34.40, NULL, NULL, NULL, 9, NULL, 1, NULL, NULL, NULL, '圆通速递', 'YT6659340239188', '2022-08-10 16:10:36', 9, '2022-08-27 09:55:56', NULL, '上海市 浦东新区 曹路镇 ', NULL, 1659426735, 6, NULL, NULL, NULL, NULL);
INSERT INTO `s_tao_order_refund` VALUES (5, '174530628624435917', 1, 2798109939719431759, 2798109939719431759, NULL, NULL, NULL, 29.92, NULL, NULL, NULL, 1, NULL, 1, NULL, NULL, NULL, '韵达速递', '432711987605071', '2022-08-10 17:06:45', 9, '2022-08-27 09:56:26', NULL, '广东省 中山市 古镇镇', NULL, 1659760191, 6, NULL, NULL, NULL, NULL);
INSERT INTO `s_tao_order_refund` VALUES (6, '105324169380669855', 1, 1635222253871665598, 1635222253871665598, NULL, NULL, NULL, 29.92, NULL, NULL, NULL, 1, NULL, 1, NULL, NULL, NULL, '申通快递', '773174976357569', '2022-08-10 16:54:00', 9, '2022-08-27 09:56:15', NULL, '上海 上海市 徐汇区', NULL, 1660121475, 6, NULL, NULL, NULL, NULL);
INSERT INTO `s_tao_order_refund` VALUES (7, '174964968310316617', 1, 2806128469605311766, 2806128469605311766, NULL, NULL, NULL, 39.52, NULL, NULL, NULL, 1, NULL, 1, NULL, NULL, NULL, '圆通速递', 'YT2235502843168', '2022-08-12 10:15:44', 9, '2022-08-27 09:56:36', NULL, '江西', NULL, 1660270508, 6, NULL, NULL, NULL, NULL);
INSERT INTO `s_tao_order_refund` VALUES (8, '174760311645640000', 1, 2791618416440640000, 2791618416440640000, NULL, NULL, NULL, 28.90, NULL, NULL, NULL, 1, NULL, 1, NULL, NULL, NULL, '圆通速递', 'YT6674505862852', '2022-08-13 21:32:02', 9, '2022-08-27 09:56:46', NULL, '', NULL, 1660397497, 6, NULL, NULL, NULL, NULL);
INSERT INTO `s_tao_order_refund` VALUES (9, '175092482372494466', 1, 2803069443945496644, 2803069443945496644, NULL, NULL, NULL, 39.52, NULL, NULL, NULL, 1, NULL, 1, NULL, NULL, NULL, '中通快递', '78605351910020', '2022-08-13 21:34:32', 9, '2022-08-27 09:56:56', NULL, '', NULL, 1660397653, 6, NULL, NULL, NULL, NULL);
INSERT INTO `s_tao_order_refund` VALUES (10, '105655441623824767', 1, 2809380888296826747, 2809380888296826747, NULL, NULL, NULL, 29.92, NULL, NULL, NULL, 1, NULL, 1, NULL, NULL, NULL, '圆通速递', 'YT6678156684174', '2022-08-13 21:37:51', 9, '2022-08-27 09:57:05', NULL, '', NULL, 1660397844, 6, NULL, NULL, NULL, NULL);
INSERT INTO `s_tao_order_refund` VALUES (11, '175555874222286029', 1, 1639678765959282960, 1639678765959282960, NULL, NULL, NULL, 29.92, NULL, NULL, NULL, 1, NULL, 1, NULL, NULL, NULL, '韵达速递', '432725192475035', '2022-08-14 17:29:59', 9, '2022-08-27 09:57:14', NULL, '', NULL, 1660469385, 6, NULL, NULL, NULL, NULL);
INSERT INTO `s_tao_order_refund` VALUES (12, '175059146148131745', 1, 2804237174661134517, 2804237174661134517, NULL, NULL, NULL, 39.52, NULL, NULL, NULL, 1, NULL, 1, NULL, NULL, NULL, '申通快递', '772017865134024', '2022-08-14 17:31:04', 9, '2022-08-27 09:57:23', NULL, '', NULL, 1660469452, 6, NULL, NULL, NULL, NULL);
INSERT INTO `s_tao_order_refund` VALUES (13, '175461194594496075', 1, 2803823065336497560, 2803823065336497560, NULL, NULL, NULL, 29.92, NULL, NULL, NULL, 1, NULL, 1, NULL, NULL, NULL, '申通快递', '773175988571953', '2022-08-14 17:32:08', 9, '2022-08-27 09:57:32', NULL, '', NULL, 1660469515, 6, NULL, NULL, NULL, NULL);
INSERT INTO `s_tao_order_refund` VALUES (14, '175552813527126413', 1, 2800972080243121364, 2800972080243121364, NULL, NULL, NULL, 29.92, NULL, NULL, NULL, 1, NULL, 1, NULL, NULL, NULL, '韵达速递', '312157965067836', '2022-08-19 10:05:26', 9, '2022-08-27 09:58:25', NULL, '', NULL, 1660469561, 6, NULL, NULL, NULL, NULL);
INSERT INTO `s_tao_order_refund` VALUES (15, '175673665740625464', 1, 2815872879709626454, 2815872879709626454, NULL, NULL, NULL, 29.92, NULL, NULL, NULL, 1, NULL, 1, NULL, NULL, NULL, '圆通速递', 'YT6684345519628', '2022-08-19 10:11:45', 9, '2022-08-27 09:58:34', NULL, '', NULL, 1660875092, 6, NULL, NULL, NULL, NULL);
INSERT INTO `s_tao_order_refund` VALUES (16, '175970162913120102', 1, 2821439630766120201, 2821439630766120201, NULL, NULL, NULL, 29.92, NULL, NULL, NULL, 1, NULL, 1, NULL, NULL, '退回的商品剪开扣眼，已驳回，退款关闭', '申通快递', '773176641091354', '2022-08-19 10:14:20', 99, '2022-09-02 15:02:56', NULL, '', NULL, 1660875243, 6, NULL, NULL, NULL, NULL);
INSERT INTO `s_tao_order_refund` VALUES (17, '106476564604669659', 1, 1653154394408665996, 1653154394408665996, NULL, NULL, NULL, 39.52, NULL, NULL, NULL, 1, NULL, 1, NULL, NULL, NULL, '韵达速递', '432750552958705', '2022-08-31 17:22:24', 9, '2022-08-31 23:22:23', NULL, '', NULL, 1661937730, 6, NULL, NULL, NULL, NULL);
INSERT INTO `s_tao_order_refund` VALUES (18, '177098796584140088', 1, 2839011483867148800, 2839011483867148800, NULL, NULL, NULL, 29.92, NULL, NULL, NULL, 1, NULL, 1, NULL, NULL, NULL, '极兔速递', 'JT5142198073271', '2022-08-31 17:34:02', 9, '2022-09-02 08:49:53', NULL, '', NULL, 1661938423, 6, NULL, NULL, NULL, NULL);
INSERT INTO `s_tao_order_refund` VALUES (19, '177634911027750578', 1, 2840584645454757805, 2840584645454757805, NULL, NULL, NULL, 29.92, NULL, NULL, NULL, 1, NULL, 1, NULL, NULL, '', '申通快递', '773178906571191', '2022-08-31 17:36:24', 9, '2022-09-02 23:29:46', NULL, '', NULL, 1661938514, 6, NULL, NULL, NULL, NULL);
INSERT INTO `s_tao_order_refund` VALUES (20, '179419141878932725', 1, 2872120393981932527, 2872120393981932527, NULL, NULL, NULL, 24.52, NULL, NULL, NULL, 1, NULL, 1, NULL, NULL, '', '极兔速递', 'JT3012442914779', '2022-09-15 19:34:46', 9, '2022-09-15 22:53:34', NULL, '', NULL, 1663241671, 6, NULL, NULL, NULL, NULL);
INSERT INTO `s_tao_order_refund` VALUES (21, '179683094483251166', 1, 2882180559719256611, 2882180559719256611, NULL, NULL, NULL, 39.52, NULL, NULL, NULL, 1, NULL, 1, NULL, NULL, '', '圆通速递', 'YT2243133583165', '2022-09-16 21:04:38', 9, '2022-09-18 23:08:19', NULL, '', NULL, 1663333459, 6, NULL, NULL, NULL, NULL);
INSERT INTO `s_tao_order_refund` VALUES (22, '108941522538549514', 1, 1683558230877541495, 1683558230878541495, NULL, NULL, NULL, 49.63, NULL, NULL, NULL, 4, NULL, 1, NULL, NULL, NULL, '圆通速递', 'YT2247333728724', '2022-10-07 18:00:38', 9, '2022-10-12 01:04:20', '2022-10-11 00:41:21', '黑龙江省哈尔滨市', '确认签收2022-10-11 00:41:21人工标记为[9]2022-10-12 01:04:16', 1665136818, 6, 39, 578, 'HN0222927', NULL);
INSERT INTO `s_tao_order_refund` VALUES (23, '188634457153300952', 1, 2996431995920305209, 2996431995920305209, NULL, NULL, NULL, 53.91, NULL, NULL, NULL, 1, NULL, 1, NULL, NULL, '', '申通快递', '773191536231783', '2022-11-06 14:16:27', 0, '2022-11-08 15:39:38', NULL, '', NULL, 1667715363, 6, 39, 570, 'HN0220126', NULL);
INSERT INTO `s_tao_order_refund` VALUES (24, '112173313472648057', 1, 1727577552380645780, 1727577552380645780, NULL, NULL, NULL, 69.22, NULL, NULL, NULL, 1, NULL, 1, NULL, NULL, NULL, '申通快递', '773192175876483', '2022-11-10 17:07:00', 0, NULL, NULL, '', NULL, 1668071201, 6, 47, 739, 'JKL80512004', NULL);
INSERT INTO `s_tao_order_refund` VALUES (25, '190685196805703965', 1, 3020629500584706539, 3020629500584706539, NULL, NULL, NULL, 56.85, NULL, NULL, NULL, 1, NULL, 1, NULL, NULL, NULL, '韵达速递', '432913895448313', '2022-11-16 17:44:53', 0, NULL, NULL, '', NULL, 1668591880, 6, 47, 730, 'JKL8051201', NULL);
INSERT INTO `s_tao_order_refund` VALUES (26, '114179089881508770', 1, 1747680279246507087, 1747680279246507087, NULL, NULL, NULL, 52.30, NULL, NULL, NULL, 1, NULL, 1, NULL, NULL, NULL, '韵达速递', '432946947964967', '2022-12-06 08:30:55', 0, NULL, NULL, '', NULL, 1670286638, 6, 39, 570, 'HN0220126', NULL);
INSERT INTO `s_tao_order_refund` VALUES (27, '205639742516891964', 1, 3198002834286896419, 3198002834286896419, NULL, NULL, NULL, 24.00, NULL, NULL, NULL, 1, NULL, 1, NULL, NULL, NULL, '圆通速递', 'YT7054813104977', '2023-02-21 18:09:17', 0, NULL, NULL, '', NULL, 1676974109, 6, 9, 42, '2720210080260305', NULL);

SET FOREIGN_KEY_CHECKS = 1;
